,제목,저자,출판사,출판일,가격,ISBN
0,코딩 자율학습 나도코딩의 C 언어 입문 (C 언어의 완공을 돕는 프로그래밍 자습서),나도코딩,길벗,20221010,23400,9791140701551
1,혼자 공부하는 C 언어 (1:1 과외하듯 배우는 프로그래밍 자습서),서현우,한빛미디어,20190610,21600,9791162241868
2,C언어 Express (Visual Studio 2019),천인국,생능출판,20180820,27000,9788970509570
3,C언어,한광록,복두출판사,20150120,21780,9791185880976
4,C 언어,채현석,오성미디어,20100219,17000,9788992583701
5,C언어,정구철,공감북스,20160831,20000,9791186898161
6,C언어 (퍼즐을 이용한 알고리즘 학습을 통해 창의력 논리력 사고력 증진),최재혁,도서출판 홍릉(홍릉과학출판사),20120220,26730,9788972839996
7,C 언어,김창화,한올출판사,20090225,16000,9788983255341
8,C 언어,신화정,정익사,20120201,0,9788935304738
9,C언어,이대식,오성미디어,20130305,20000,9788966280605
10,이것이 자료구조+알고리즘이다 with C 언어 (문제 해결 능력을 키워주는 자료구조+알고리즘 입문서),박상현,한빛미디어,20220803,30600,9791169210034
11,코딩과의 첫 만남 1:  C언어편 (C언어편),김득수,21세기사,20190103,18000,9788984688209
12,C언어 기초,김종진,다올미디어,20180305,22500,9788997587285
13,C언어 실습,이창근,컴원미디어,20140315,16150,9788992475594
14,C언어 수업,천인국,생능출판,20150123,23400,9788970508245
15,C언어연습 (PBL문제중심학습기반),김훈기,글로벌,20210210,16200,9788955027792
16,달콤한 C언어,노순국^최광미^이광옥^유소월,연두에디션,20220210,18000,9791192187051
17,C언어 정석 (예제/ 유제/ 연습문제),홍경호,생능출판,20141125,23400,9788970508207
18,C언어 기초,우재남,한빛아카데미,20130730,0,9788998756345
19,C언어 기초와 응용,김치연,한산,20220820,18000,9791187555414
20,C언어 기초 (C언어를 이용한 SW 코팅입문서),강형일,복두출판사,20200302,16200,9791159066221
21,C언어 연습,김기용,그린,20140829,19800,9788957272176
22,C언어 완성,김대성,오성미디어,20140205,20000,9788966280896
23,C 언어 정복,이현창^이종언,상학당,20070915,27000,9788985437813
24,C 언어 기초 (공학자를 위한),양영일,경상대학교출판부,20060901,13500,9788986001846
25,C 언어 실습,최선정,오성미디어,20090216,18000,9788992583480
26,C언어 이해,김기용,그린,20190829,18000,9788957272947
27,C 언어 본색 (명강의가 일으키는 C언어의 기적),박정민,프리렉,20110105,21600,9788965400066
28,C언어기초 (순서도를 중심으로 한),박정호,이한출판사,20110820,11400,9788982417405
29,고급 C언어,김태석,두양사,20040320,16000,6000182839
30,C언어 기초,손충범,지앤북,20120209,17000,9788992595407
31,C++ 언어 본색 (언어는 두손으로 체득하는 것 머리는 이해할 뿐),김역,프리렉,20110601,0,9788965400110
32,C언어 클릭,정훈조,현우사,20100210,20000,9788980812806
33,C 언어실습,안병천,기전연구사,19960401,14250,9788933603178
34,C언어 연습 (C언어의 이해를 돕기 위한 필독서),성동수,그린,20100825,0,9788957271407
35,C언어 기초 (C언어를 이용한 SW코딩입문서),강형일,복두출판사,20180130,0,9791159063282
36,C언어 기초,강형일,복두출판사,20160307,0,9791159060939
37,나혼자 C언어,이창현,디지털북스,20211015,22500,9788960883819
38,C 언어 스케치 (C로 배우는 프로그래밍 기초),강환수^이동규^최재순,인피니티북스,20110713,20700,9788992649629
39,난생처음 C 언어 프로그래밍,김화수,한빛아카데미,20220103,23250,9791156645870
40,C언어 이야기,김중태,혜지원,20030402,24300,9788983792846
41,"C언어 콘서트 (누구나 쉽게 즐기는, 개정판)",천인국,생능출판,20170825,25650,9788970509273
42,모두의 C언어 (스스로 생각하면서 배우는 C프로그래밍 기초),이형우,길벗,20190802,16200,9791160508550
43,C언어 콘서트 (누구나 쉽게 즐기는),천인국,생능,20100604,0,9788970506616
44,C언어의 이해,김진우,한산,20200830,26730,9791187555315
45,C언어의 정석,남궁성,도우출판,20160825,22500,9788995379479
46,C언어의 완성 (제2판),김태수,복두출판사,20170901,16000,9791159062919
47,스마트 C 언어 (개정판),구성모,내하출판사,20160901,17100,9788957174548
48,C 프로그래밍 (C 언어 교과서),스티븐 G. 코찬,정보문화사,20150630,18000,9788956746326
49,C언어의 이해,김진우,한산,20150220,23000,9788989215486
50,C언어 길라잡이 (한권으로 끝내는 C 프로그래밍 입문),김은철^김명진,정보문화사,20121129,0,9788956745787
51,C언어의 정석 (제대로 배우는 C언어),이창현,글로벌,20141223,0,9788955026863
52,순서도 & C언어 (소프트웨어 교육을 위한),김종훈^김용민^서영호,다올미디어,20150110,0,9788997587162
53,스마트 C 언어,강명환,내하출판사,20110825,19000,9788957173398
54,C 언어의 완성 (기초에서 그래픽까지),이평기,복두출판사,20110820,16000,9788980006625
55,C언어의 완성,김태수,복두출판사,20140325,0,9788980003969
56,컴퓨터 C언어 (제대로 배우는 C언어),구용완,글로벌,20140930,0,9788955026849
57,C 언어 일취월장,신윤환,한빛아카데미,20210224,25200,9791156645313
58,C 언어 트레이닝,김상형,한빛아카데미,20171204,23250,9791156643609
59,"Up! C언어 (예제 중심의, 개정판)",이한석,광문각,20200305,25200,9788970939254
60,"C언어 코딩 도장 (따라하기, 연습하기, 심사하기로 배우는 C 언어 프로그래밍)",남재윤,길벗,20160630,22500,9791187345282
61,C언어 일취월장 (나날이 발전하는 프로그래밍 실력),신윤환,한빛아카데미,20200106,0,9791156644774
62,고진감래 C 언어 (생각하며 배우는 프로그래밍의 원리),MMGames,제이펍,20161130,21600,9791185890630
63,자료구조 (C 언어로 구현한),신정헌,기한재,19950131,9000,9788970180588
64,C언어 길라잡이 (한 손에 잡히는),정용섭,한티미디어,20100225,13500,9788964210222
65,모바일 로보틱스 제어 (C언어를 이용한),하이버스 기술연구소^김동한^조도현^김석중,상학당,20090925,23760,9788993383621
66,자료구조 (C언어로구성한),한규정,한올출판사,19940831,11000,9788983250254
67,C언어 & JAVA (중등교원임용시험대비 C언어 & JAVA 완벽 가이드),송광진,배움,20170102,0,9788964256237
68,알기 쉽게 배우는 AVR ATmega 128 (C 언어로 배우는),신동욱^오창헌,옴사(OHM사),20060201,23000,9788971017685
69,Quick C 첫걸음 (C 언어의 지름길),다카사쿠 요시아키,전파과학사,19911001,7200,6000033429
70,Up! C언어 (예제 중심의),이한석,광문각,20160307,0,9788970938004
71,Up! C언어 (예제 중심의),이한석,광문각,20111223,0,9788970936505
72,알기쉬운 C-언어,,경문사,19980228,12000,9788972823339
73,C언어 300제 (C프로그래밍 시작을 위한 최고의 입문서),김은철,정보문화사,20130214,0,9788956745848
74,알기쉬운 C언어,한광록,복두출판사,20140310,0,9788980003433
75,AVR ATmega 128 이론과 활용 (C언어를 이용한),,웅보출판사,20060820,20000,9788984622098
76,C언어 입문 교실 (제3판),사카시타 유리,성안당,20140515,18000,9788931552898
77,Do it! C언어 입문 (실무 20년 현업 프로그래머가 초보자를 위해 엮었다!),김성엽,이지스퍼블리싱,20170110,16200,9791187370703
78,C 언어 프로그래밍,주우석,한빛아카데미,20181214,26100,9791156643708
79,C언어 이해와 응용,김용태^정윤수^박길철,성진미디어,20120302,23000,9788996572978
80,C언어 프로그래밍,하이버스 기술연구소^김동식^권윤중^진은성,상학당,20170630,27000,9788965871590
81,C언어 프로그래밍 (수정판 2판),브라이언 W. 커니핸,휴먼싸이언스,20160201,22500,9788993712674
82,C언어 프로그래밍 (Visual Studio 대응),박흥복,문운당,20190125,25740,9791156923985
83,C언어 프로그래밍,윤상균,도서출판 홍릉(홍릉과학출판사),20060901,19000,9788972835783
84,C언어 기초 다지기,조형국,컴원미디어,20070302,10000,9788992475037
85,컴맹을 위한 C언어,정덕,디지털북스,20160725,19800,9788960881853
86,C언어 프로그래밍 (CFL로 시작하는),조세형,휴먼싸이언스,20150216,20700,9788993712605
87,프로그래밍 C 언어,심재창,한티미디어,20110301,18000,9788964210567
88,C언어 프로그래밍 (STACK QUEUE LINKED LIST 구현),신현덕,정익사,20100820,17000,9788935304684
89,C언어 프로그래밍,채현석,기한재,20190305,17100,9788970187921
90,C언어와 컴파일러 (C & Compiler),유재우,SSUPRESS,20150227,19000,9788974503390
91,C언어이해와 활용,임권묵^유숙현,브레인코리아,20060810,19000,9788990574480
92,C언어 프로그래밍,이상범,글로벌,19980825,17000,9788988379080
93,C언어 프로그래밍,하이버스 기술연구소^김동식^이병선^권윤중,상학당,20160715,0,9788965871521
94,C 언어 프로그래밍,브라이언 W. 커니핸^Dennis M. Ritchie,휴먼사이언스,20120620,0,9788945006608
95,디지털제어 기술 및 실습 (C언어로 구현하는),고경철,도서출판 홍릉(홍릉과학출판사),20160310,22000,9791156003786
96,C언어 프로그래밍 (개정판),안기수,생능출판,20130228,0,9788970507712
97,C언어 프로그래밍,차영준,교우,20171215,26600,9791125102250
98,C 언어프로그래밍 (개정판),김정호,웅보출판사,20180210,0,9788984620988
99,C 언어 프로그래밍 (Visual C++ 2010 Express),허규성,동일출판사,20150310,0,9788938109248
0,C언어 프로그래밍 (Visual Studio 대웅),박흥복,문운당,20150814,0,9791156921349
1,네트워크 해킹 프로그래밍 (C 언어로 구현하는),강익선,가메,20150629,21600,9788980782789
2,C 언어 프로그래밍,성현경,집문당,19900630,8000,9788930300476
3,C언어 프로그래밍,송한춘 외,기한재,20000302,13500,9788970181585
4,C 언어 프로그래밍,성현경,집문당,19920401,7600,5000176708
5,컴퓨터 알고리즘 (C 언어로 작성하는),박정호,이한출판사,20110715,0,9788982417337
6,C언어 프로그래밍,서정현,21세기사,20140310,20700,9788984685383
7,C언어 프로그래밍,김태수,복두출판사,19980220,11000,9788980000678
8,C언어 프로그래밍,이태성,나우커뮤니케이션,20110801,0,9788996432814
9,C 언어 프로그래밍,BRIAN W.KERNIGHAN,대영사,20100110,0,9788971630266
10,PC C언어입문 (마이크로소프트 C의 실제),와키 히데요,전파과학사,19920801,0,9788970441115
11,C 언어 기본다지기,채현석,오성미디어,20090219,15000,9788992583466
12,C언어 프로그래밍,이승희,영민,20080320,14400,9788989816782
13,명품 C 언어 프로그래밍 (개정3판),안기수,생능출판,20211115,25200,9788970505213
14,처음 시작하는 C언어,이영호^이봉락^고주영^심재창,카오스북,20130215,15300,9788998338022
15,명품 C언어 프로젝트,안기수,생능,20100415,32010,9788970506623
16,C언어와 자동화제어,정용섭,한티미디어,20100901,22500,9788964210468
17,예제로 배우는 C언어,김태석^권오준,두양사,20110215,20700,9788975282539
18,쉽게 배우는 C언어 2 (입력까지),,문운당,20110420,14850,9788973937684
19,요리조리 맛있는 C 언어 (최신개정판),서보원,혜지원,20180208,23400,9788983799555
20,C언어의 원리와 문제,이도훈,그린,19980220,9000,5000176929
21,4가지 정서로 배우는 C언어,박영재,교문사(청문각),20220228,31500,9788936323240
22,C언어 Express (개정판),천인국,생능출판,20120814,0,9788970507385
23,쉽게 배우는 C언어 입문,,삼진,20190220,14250,9788986817195
24,비트코딩 라이트 : C언어 (최초의 문제은행식 코딩문제집),박해민^한기현,햄큐,20190528,18900,9791196328849
25,HELLO C 언어,강성호,복두출판사,19970831,18000,9788980000593
26,초보자를 위한 C++ (C++ 언어를 배우는 입문서),이탁,삼창미디어,20130214,22800,9788998411008
27,C언어 정복 리얼 교과서 (꼭 넘어야 할 산이라면 승부수를 던져라),이상진,프리렉,20130813,23400,9788965400431
28,알기쉬운 자료구조 - C언어,박우창,21세기사,20190304,24300,9788984688292
29,알쏭달쏭 C언어 180제 (텍스트출력부터 파일 처리까지 하나씩 만들어보는 C언어 프로그래밍),시바타 보요^유리 가오루,한빛미디어,20191201,25200,9791162242438
30,C 언어 for Beginner (제대로 이해하며 개발하는 C 프로그래밍),우재남,한빛아카데미,20220103,24180,9791156645702
31,C언어와 자료구조 알고리즘,이익,커널연구회,20120420,0,9788997750016
32,C 프로그래밍 (새내기를 위한 첫 C 언어 책),하숙정^하숙정^임수연^송무희^박보석,한빛아카데미,20130315,21600,9788998756161
33,절대강자 C언어 코스웨어 (C18 기준으로 작성된 C프로그래밍),김명호,도서출판 홍릉(홍릉과학출판사),20190228,32670,9791156006541
34,시각화 C언어 기초 익히기 (새틀(SETL)을 이용한),유홍준,소프트웨어품질기술원,20150522,14400,9791195482955
35,C언어프로그램 배움터,신우철,에듀컨텐츠,20060825,19800,9788990045348
36,어서와 C언어는 처음이지! (초보자를 위한 C 프로그래밍 완벽가이드),그레그 페리^딘 밀러,인피니티북스,20150626,21600,9791185578194
37,C언어 완벽가이드: 입문편 (살아 움직이는 C 언어를 배우자! C언어 교육의 새로운 혁명!!!),임종수,수진,20181127,18050,9791196539818
38,전기실무자를 위한 C언어,심광열,태영문화사,20030215,16000,9788988664650
39,예제가 가득한 C 언어 길라잡이 (한 권으로 끝내는 C 프로그래밍 입문!),김은철,정보문화사,20180510,18000,9788956747774
40,초보자를 위한 C 언어 300제 (C 프로그래밍 시작을 위한 최고의 입문서),김은철,정보문화사,20170206,18000,9788956747330
41,C언어로 구현한 자료구조,이충세,21세기사,20140225,21850,9788984684737
42,비주얼 C언어 프로그래밍 (수정판),김평중,도서출판 홍릉(홍릉과학출판사),20110125,19800,9788972839163
43,C언어로 설명한 알고리즘,황종선.정영식,정익사,20060810,0,9788935302000
44,Understanding 프로그래밍 (순서도와 C언어로 배우는),최진탁,북스홀릭퍼블리싱,20131212,0,9791185123059
45,C언어로 배우는 8051,,인터비젼,20000331,15000,9788988066522
46,게임을 만들며 배우는 C 언어 (벽돌 깨기 게임),정기철,도서출판 홍릉(홍릉과학출판사),20161029,28710,9791156004684
47,전공자의 첫 C 언어 프로그래밍,서동만^전수빈,인피니티북스,20210831,22500,9791185578736
48,Perfect C (C언어로 배우는 프로그래밍 기초),강환수^강환일^이동규,인피니티북스,20210818,28800,9791185578835
49,"C언어 콘서트(누구나 쉽게 즐기는) (Visual Studio 2019, 개정3판)",천인국,생능출판,20210723,24300,9788970504933
50,"자기주도 C언어 프로그래밍 (혼자서도 쉽게 익힐 수 있는, 제9판)",김동규,복두출판사,20200725,0,9791159068294
51,C언어와 마이크로프로세서 (하드웨어 제어를 위한),박영만,건기원,20150210,19800,9791157670475
52,C언어 프로그래밍 입문,김희철,한올출판사,20080620,12870,9788983259851
53,누구나 할 수 있는 C언어 입문,현윤섭^김병성,대가,20070220,18000,9788990999504
54,시각화 C언어 기초 알고리즘 (새틀(SETL)을 이용한),유홍준,소프트웨어품질기술원,20150707,18000,9791195482979
55,C 언어 연습(문제풀이중심의),김용일 외,교우사,19990901,18000,9788981720179
56,"자기주도 C언어 프로그래밍 (혼자서도 쉽게 익힐 수 있는, 제8판)",김동규,복두출판사,20190701,0,9791159065422
57,자기주도 C언어프로그래밍 (정보영재 및 올림피아드를 위한 최적의 입문서),김동규,북두,20180611,0,9791159064135
58,"자기주도 C언어 프로그래밍 (혼자서도 쉽게 익힐 수 있는, 제6판)",김동규,복두출판사,20170425,0,9791159062674
59,"자기주도 C언어 프로그래밍 (혼자서도 쉽게 익힐수 있는, 4판)",김동규,복두출판사,20151215,0,9791159060380
60,자기주도 C언어 프로그래밍 (혼자서도 쉽게 익힐 수 있는),김동규,복두출판사,20130430,0,9788980008728
61,자기주도 C언어 프로그래밍 (정보영재 및 올림피아드를 위한 최적의 입문서),김동규,복두출판사,20141201,0,9791185880792
62,뿌리부터 이해하는 C 언어 1 (Back To The Basic),이승미,한빛미디어,20140717,13860,9788968487057
63,C언어와 마이크로프로세서,박영만,건기원,20130821,0,9788958438816
64,C언어 프로그래밍 입문 (WINDOWS XP환경을 기반으로 한),이병두,북스홀릭,20110225,0,9788994914091
65,배우기 쉬운 기초 정복 C언어,정구철,도서출판 홍릉(홍릉과학출판사),20130830,0,9791156000020
66,C언어 프로그래밍 입문 (LINUX 환경을 기반으로 한),이병두,북스홀릭,20110225,0,9788994914084
67,뿌리부터 이해하는 C 언어 2 (Back To The Basic),이승미,한빛미디어,20140717,0,9788968487200
68,C언어를 이용한 체험! 자료구조 (DATA STRUCTURES),정기철,연두에디션,20180715,26730,9791188831098
69,시작해 C 언어 핵심기초 (워크북),박영진,부크크(bookk),20201022,9800,9791137220799
70,애프터스킬 C 프로그래밍 핵심가이드 (우리가 C언어를 선택하는 이유),주철오,아이콕스(iCox),20180510,19800,9791186886779
71,쉽게 배우는 C언어 프로그래밍,이희영,GS인터비전,20110225,18430,9788993668766
72,C언어 프로그래밍 첫걸음,김한주,사이버북스,20190226,21780,9791186708712
73,혼자서도 터득할 수 있는 C언어,이대종,태영문화사,20140303,20000,9788963541914
74,TCP/IP Ethernet 제어와 ADuC8xx Microcontroller (KEIL-C언어를 사용한),정재륜,보성각,20070225,28000,9788978394376
75,C언어로 배우는 80C196,차영배,다다미디어,20000705,14400,9788971140437
76,윤성우의 열혈 자료구조 (C언어를 이용한 자료구조 학습서),윤성우,오렌지미디어,20120116,24300,9788996094067
77,C언어 for Beginner (쉽게 배워 제대로 만드는 C 프로그램),우재남,한빛아카데미,20180630,21390,9791156643951
78,"자동제어 (C언어로 배우는 알기쉬운, 3판)",박정규,복두출판사,20160115,0,9791159060458
79,C언어로 구현한 데이터구조론,최우승,글로벌,20000620,0,9788988379967
80,"자동제어 (2판, C언어로 배우는 알기쉬운)",박정규,복두출판사,20140310,0,9788980003402
81,예제중심의 C언어 프로그래밍,,명진(진영사),20080130,20000,9788995901816
82,C언어 프로그래밍 반양장 (원리부터 터득하는),박인상,정일,20070125,14400,9788956660790
83,C언어프로그래밍(제3판),한은실^국윤주^박정연^하경주,정일,20060625,14400,9788956660714
84,시작해 C 언어 라이브러리 (워크북) (컬러판),박영진,부크크(bookk),20220212,10800,9791137272200
85,C언어 기반 JAVA 프로그래밍,이형봉,도서출판 홍릉(홍릉과학출판사),20210308,17820,9791156008460
86,C언어 for Beginner (개정판),우재남,한빛아카데미,20140806,0,9791156641339
87,시작해 C 언어 라이브러리 (스터디북) (컬러판),박영진,부크크(bookk),20220212,12800,9791137272194
88,고등학생과 풀어보면서 배우는 C언어 (컬러판),J,부크크(bookk),20220406,7300,9791137279315
89,대학생을 위한 C언어 프로그래밍,강병욱,홍릉(홍릉과학출판사),20090824,23760,9788972837657
90,Perfect C(퍼펙트 C) (C언어로 배우는 프로그래밍 기초),강환수^강환일^이동규,인피니티북스,20160111,0,9791185578224
91,나도 쉽게 잘 만드는 맛있는 C 언어 (2nd edition),노순국,연두에디션,20200210,0,9791188831401
92,"자동제어 (C언어로 배우는 알기쉬운, 제4판)",박정규,복두출판사,20180115,22000,9791159063268
93,시작해 C 언어 배열과 함수 (스터디북),박영진,부크크(bookk),20201112,11800,9791137223059
94,MKL25Z128VLK4 활용 (KDS를 사용한 C언어 프로그래밍),윤덕용,옴(ohm),20160325,34200,9788971017968
95,C 언어로 배우는 프로그래밍의 기초 (반도체부터 컴퓨터까지),김화수,혜지원,20180817,16650,9788983799661
96,시작해 C 언어 자료구조 (워크북) [컬러],박영진,부크크(bookk),20201214,9800,9791137226883
97,C언어를 활용한 기초컴퓨터 프로그래밍,송창호,부산대학교출판문화원,20210923,22770,9788973167180
98,C가 보이는 그림책 (C 언어가 좋아지는 새로운 9개 관문),"ANK Co., Ltd.",성안당,20181012,15300,9788931555349
99,만화가 있는 C (누구에게나 쉬운 만화 C언어 입문서!),서진택,성안당,20180518,22500,9788931555431
0,C언어 윈도우즈 API 프로그래밍,한성현,글로벌,20080725,18000,9788955024524
1,코드업과 함께 하는 C언어 & 문제 해결 (누구나 쉽게 배우는 프로그래밍 입문서),배준호,삼양미디어,20170605,13500,9788958973270
2,SEIF-STUDY C 언어,김기철,홍릉(홍릉과학출판사),19990120,10000,9788972830993
3,"아두이노 자동차의 모든 것: 아두이노, 메이커, C언어, 자동차 (아두이노를 이용해 프로그램 배우고 하드웨어 제어하고 자동차 완성하기)",장문철,앤써북,20220630,16200,9791185553986
4,머신러닝과 딥러닝 (C언어로 구현하며 익히는 기본 개념),오다카 토모히로,프리렉,20170322,16200,9788965401681
5,4차산업시대에 대비한 C언어 프로그래밍,서정만^이세일,글로벌,20211008,21600,9788955028195
6,시작해 C 언어 제어구조 (워크북) (컬러판),박영진,부크크(bookk),20201104,9800,9791137222014
7,스마트시티를 위한 C언어 프로그래밍,김성환,서울시립대학교출판부,20200901,0,9788985831901
8,독하게 시작하는 C 프로그래밍 (널널한 개발자의 C 언어 마스터클래스),최호성,루비페이퍼,20150625,22500,9791195149209
9,"NEW C언어 입문: 초급자편 (초급자편, 전면컬러 개정판)",HARUHIKO HAYASHI,영진닷컴,20080225,8820,9788931436570
10,원리가 보이는 C 프로그래밍 (프로그래머로 가는 맛있는 C언어 여행),최정훈^김석우,오성미디어,20110228,18430,9788992583978
11,"C포자를 위한 본격 C 언어 프로그래밍 (프로그래밍, 두 번 포기는 없다!)",허경용,제이펍,20170731,19800,9791185890883
12,알고리즘의 이해 2: C언어편 (1~100을 이용한),김득수,21세기사,20110115,12600,9788984683822
13,Power C Language (C 언어의 기초부터 이해하면서 배우기),장종준,다올미디어,20120112,0,9788996629740
14,시작해 C 언어 제어구조 (스터디북) (컬러판),박영진,부크크(bookk),20201104,11800,9791137222007
15,시작해 C 언어 자료구조 (스터디북) (컬러판),박영진,부크크(bookk),20201202,11800,9791137225039
16,시작해 C 언어 배열과 함수 (워크북) (컬러판),박영진,부크크(bookk),20201118,9800,9791137223752
17,시작해 C 언어 핵심기초 (스터디북) (컬러판),박영진,부크크(bookk),20201016,11800,9791137220140
18,C언어 프로그래밍(원리와 실습) (원리와 실습),이춘수,월송,20130312,16200,9788997265152
19,COS Pro 2급 C 언어(교재+모의고사) (COS Pro 2급 시험 대비서 | 기초 코딩 학습과 시험 준비를 한 번에 한다!),남재윤,길벗,20180215,18000,9791160504118
20,윈도우 프로그래밍 (C언어를 학습했다면 API로 날개를 달아보자!),강경우,한빛아카데미,20150622,24180,9791156641872
21,AT89C51(8031)의 기초와 응용 (C언어를 이용한 마이크로프로세서 설계),양오,신화전산기획,20070226,18000,9788955340778
22,C언어를 활용한 기초컴퓨터 프로그래밍 (컴퓨터 비전공자를 위한),송창호^홍기진^신정화^문정욱,부산대학교출판부,20180105,0,9788973165605
23,C++ 언어 개요 및 VISUAL C++ 프로그래밍 (VISUAL C++ Programming),이광수,휴먼사이언스,20140305,15300,9788993712506
24,C++ Programming Basic (쉽고 재미있게 배우는 C++ 언어 기초의 모든 것),Mana Takahashi,영진닷컴,20150715,16200,9788931448931
25,그림으로 배우는 C Programming Basic (쉽고 재미있게 배우는 C 언어 기초의 모든 것),Mana Takahashi,영진닷컴,20160710,16200,9788931453973
26,김태용의 C 언어 프로그래밍 입문 (풍부한 그림 자세한 설명이 돋보이는 친절한 C 언어 입문 가이드),김태용,제이펍,20120322,0,9788994506371
27,혼자서도 쉽게 익힐 수 있는 자기주도 C언어 프로그래밍 (무료 동영상강의 | 자동 채점시스템),김동규,복두출판사,20220105,18810,9791166750977
28,모두를 위한 리눅스 프로그래밍 (리눅스 구조와 C 언어로 배우는 리눅스 첫걸음),아오키 미네로,제이펍,20181121,27000,9791188621408
29,[POD] C언어로 제어하는 아두이노,심재경^최미애,부크크(bookk),20200224,16000,9791127298432
30,"소설같은 C언어(SECOND EDITION) (동영상 강의와 플래시 퀴즈로 배우는, Second Edition)",최영관,자북,20100615,0,9788989984184
31,2010 전문가용으로 배우는 C언어 1: 입력까지,김태현,교문사(청문각),20160620,14400,9788963642796
32,아빠와 함께한 정보올림피아드 이야기: C언어 문법편,이원하,비팬북스,20180315,18000,9788994797823
33,2010 전문가용으로 배우는 C 언어 2: 지시자까지,김태현,교문사(청문각),20160725,17100,9788963642871
34,우분투 환경에서 C 언어로 배우는 리눅스 프로그래밍 (데이터베이스에서부터 네트워크 그래픽 디바이스까지 풍부한 예제로 배우는),이이오 준,한빛미디어,20120901,0,9788979149531
35,Do it! 자료구조와 함께 배우는 알고리즘 입문: C 언어 편 (엄선된 114개의 실습 예제와 105개의 연습 문제!),보요 시바타,이지스퍼블리싱,20171227,19800,9791188612130
36,전문가 양성을 위한 C언어 기초에서 실무까지 C프로그래밍 (무료동영상 강의 제공),임호진^김윤수,성안당,20170711,20700,9788931554496
37,C++17 프로그래밍 (현란한 구글코딩 스타일과 정교한 IBM 개발표준에 기초한 C++ 언어학습서),박헌재,투에이치앤에스,20200701,0,9791195570553
38,C++17 프로그래밍 (현란한 구글코딩 스타일과 정교한 IBM 개발표준에 기초한 C++ 언어학습서),박헌재,투에이치앤에스,20170206,22500,9791195570515
39,C언어프로그래밍(상)(모델링에 기반한)(시발 시리즈)(스프링) (모델링에 기반한),서동진,수송미디어,20120102,0,9788996711612
40,C언어프로그래밍(하)(모델링에 기반한)(시발 시리즈)(스프링) (모델링에 기반한),서동진,수송미디어,20120201,0,9788996711629
41,8051 마이크로프로세서(KEIL 8051 C언어로 구동되는)(CD-ROM 1장 포함),정기철,복두출판사,20010820,0,9788980001743
42,C프로그래밍언어,김운용,라온,20150901,27000,9788996010272
43,C프로그래밍 언어 (예제로 공부하는),김상호^고진광^정병열,글로벌,20070302,14400,9788955023589
44,C프로그래밍 언어,윤희환,생능출판사,19920331,16000,9788970500300
45,C 프로그래밍 언어,강종태,한국이공학사,19940331,9000,9788970950365
46,C 프로그래밍 언어 (step by step),박홍준,건기원,20070315,13500,9788958431947
47,"고성능을 위한 언어 C++ (이론과 C++17, 메모리 관리, 동시성, STL 알고리즘 모범 사례)",빅터 세르,에이콘출판,20200131,31500,9791161753911
48,C 프로그래밍 언어 입문,김명호,숭실대학교출판부,20131231,23000,9788974503253
49,C언어 프로그래밍의 이해 (따라하며 배우기),안병호,한티미디어,20100115,20700,9788964210086
50,C# 언어 프로그래밍 바이블 (초절정 고수로 가는),김명렬,도서출판 홍릉(홍릉과학출판사),20120125,0,9788972837916
51,C프로그래밍 언어 입문 및 활용,최완수,문운당,20100210,19800,9788973936298
52,C언어 프로그래밍의 이해와 실제,전동근,청호,20050830,13500,9788985272988
53,BEGINNING ANSI C++ (완벽한 언어 표준 C++ 기초부터 차근차근),아이버 호튼,에이콘출판,20080430,36000,9788989975762
54,C언어 프로그래밍과 임베디드 시스템 개발,황광일,광문각,20080825,16830,9788970934655
55,"C C++ 프로그래밍 언어 기초 및 실습(2013) (Visual Studio 2010으로 구현한, 2013년 Edition)",김석수,휴먼사이언스,20130826,26100,9788993712483
56,이것이 C# 이다 (입문자에게 가장 탄탄한 기본기를 다져줄 C# 입문서),박상현,한빛미디어,20210118,30600,9791162243770
57,C++ Programming (눈과 직관만으로도 누구나 쉽게 이해할 수 있는 명품 C++ 강좌),황기태,생능출판,20180305,27000,9788970509433
58,윤성우의 열혈 C 프로그래밍 (개정판),윤성우,오렌지미디어,20101101,22500,9788996094050
59,C++ 기초 플러스 (최신 C++11 버전 포함),Stephen Prata,성안당,20220907,36000,9788931555356
60,"전문가를 위한 C (동시성, OOP부터 최신 C, 고급 기능까지! 극한의 C를 마주하려는 여행자를 위한 가이드북)",캄란 아미니,한빛미디어,20221012,49500,9791169210348
61,필요한 것만 골라 배우는 모던 C++,페터 고칠링,인사이트,20221012,39600,9788966263684
62,C++ 함수형 프로그래밍 (C++와 함수형 프로그래밍 패러다임의 만남),알렉산드루 볼보아카,에이콘출판,20220930,27000,9791161756684
63,C# 프로그래밍 for Beginner,우재남,한빛아카데미,20221006,24300,9791156646273
64,든든한 C 프로그래밍 (3rd edition),김원선,연두에디션,20210105,20700,9791188831678
65,MFC 윈도우 프로그래밍 (Visual C++ 2019(2015ㆍ2017 버전 사용 가능)),김선우^신화선,한빛아카데미,20200620,27000,9791156644903
66,윤성우의 열혈 C++ 프로그래밍 (개정판),윤성우,오렌지미디어,20100514,22500,9788996094043
67,주식 자동매매 시스템 만들기 (C#과 데이터베이스로 누구나 쉽게),이경오,한빛미디어,20170403,17280,9788968487354
68,Visual C++ 영상 처리 프로그래밍 (영상처리 기초와 알고리즘을 이론부터 구현까지),황선규,길벗,20151230,45000,9791186978153
69,CERT C 프로그래밍 2/e (버그 없는 안전한 소프트웨어),로버트 C. 시코드,에이콘출판,20220831,38700,9791161756769
70,모던 C++ 디자인 패턴 (객체지향 소프트웨어 디자인을 재사용하는 방법),드미트리 네스터룩,길벗,20190430,22500,9791160507676
71,C++과 OpenCV 한 번에 배우기,이강,홍릉,20220610,17100,9791156000433
72,C 텍스트 코딩 워크북 (직접 풀어보면서 기르는 코드 리뷰 능력!),서진원^양채윤^이민혁^장성혜^최문성,삼양미디어,20220520,4500,9788958974055
73,C로 시작하는 컴퓨터 프로그래밍,문호석^손명호,한빛아카데미,20220626,20700,9791156646105
74,WONDER C,서희정,인피니티북스,20220119,28800,9791185578903
75,"동시성 프로그래밍 (Rust, C, 어셈블리어로 구현하며 배우는 동시성 프로그래밍 A to Z)",다카노 유키,한빛미디어,20220405,30600,9791162245422
76,Core C Programming (2nd Edition),천정아,연두에디션,20220210,26100,9791192187075
77,리눅스 C프로그래밍 스킬북,김원표^박승주,홍릉,20220228,24750,9791156007968
78,프로그래밍 이론과 실습 (Python & C for Engineering Students),원정임^조호성,한양대학교출판부,20220220,17820,9788972187400
79,그림으로 배우는 C#,다카하시 마나,영진닷컴,20220105,16200,9788931465969
80,스마트제조 & 아두이노-PLC 통신 및 C# 프로그래밍 (아두이노에서부터 C# 프로그래밍 실습까지),정완보^우재우,광문각,20211220,21600,9788970936451
81,코딩마법서 2: Iron Version (코딩테스트와 코딩인터뷰를 위한 C/C++),오일러^김건^김성은,오일러BOOKS,20220201,39600,9791197008443
82,마케터의 파이썬 (코딩의 C도 모르는 우리들을 위한 맞춤 프로그래밍 가이드),정희석,e비즈북스,20220126,19800,9791157832361
83,Essential C# (가장 신뢰할 수 있는 C#의 고전),마크 미카엘리스,에이콘출판,20220126,45000,9791161755984
84,컴파일러 개발자가 들려주는 C 이야기 (아무도 알려주지 않던 심오한 C의 비밀),페터르 판데르린던,인사이트,20220114,20610,9788966263318
85,모던 C (전문가를 위한 C 작성법!),옌스 구스테트,길벗,20220114,27000,9791165218409
86,C로 배우는 알기 쉬운 자료구조,고응남,인피니티북스,20210201,26190,9791185578743
87,"핵심 C++ 표준 라이브러리 (C++11, C++14, C++17 표준 반영, 2판)",라이너 그림,길벗,20211130,19800,9791165217877
88,그림으로 배우는 C Programming Basic (2nd Edition),다카하시 마나,영진닷컴,20211105,16200,9788931465846
89,"C# 스타터 (모바일, 게임, 메타버스 개발에 최적화된 프로그래밍 언어의 입문서)",문기준,성안북스,20211110,22500,9788970674100
90,C 프로그래밍 (기본 개념과 원리로 배우는),이시현,내하출판사,20140801,22500,9788957174159
91,C++ 프로그래밍 (전기 전자 컴퓨터 정보통신 공학도를 위한),이시현,복두출판사,20140220,27720,9788980002672
92,C프로그래밍(기초에서 응용까지) (기초에서 응용까지),이시현,내하출판사,20100820,22540,9788957172957
93,C++하이킹 (객체지향과 만나는 여행),성윤정^김태은,한빛아카데미,20130620,23250,9788998756215
94,가장 쉬운 독학 알고리즘 첫걸음: C&자바편 (개념 이해 → 코딩 → 계산 과정 추적으로 익히는 단계별 알고리즘 학습법),야자와 히사오,동양북스,20211015,13500,9791157687466
95,C++ 프로그래밍 기초: 객체지향의 시작 (객체지향의 시작),성윤정^김태은,한빛아카데미,20140306,22000,9791156641049
96,어서와 C++는 처음이지! (최신버전 C++14 반영),천인국,인피니티북스,20180115,27000,9791185578347
97,C++로 쉽게 풀어쓴 자료구조,천인국^최영규,생능출판,20160809,24300,9788970508757
98,C# 프로그래밍 기초와 실무 (스마트경영정보시스템을 위한),박창목,황소걸음 아카데미,20210903,18000,9791186821602
99,순서도 기반의 C프로그래밍,황혜정,글로벌,20210811,12600,9788955028003
0,C로 배우는 쉬운 자료구조,이지영,한빛아카데미,20210630,26970,9791156645412
1,문제부터 풀자! C Programming,김광,북스홀릭퍼블리싱,20210901,18000,9791162890936
2,C# 교과서 (기초에서 활용까지! 기본기를 탄탄하게 다지는 C# 입문서),박용준,길벗,20200530,27000,9791165211615
3,MFC 윈도우 프로그래밍: Visual C++ 2015 (VIsual C++ 2015),강경우,한빛아카데미,20170626,24300,9791156643265
4,게임으로 배우는 C++,최영규,생능출판,20171207,28800,9788970509365
5,C#과 파이썬을 활용한 OpenCV 4 프로그래밍 (컴퓨터 비전 기초 이론부터 머신러닝을 활용한 영상 처리 프로젝트까지),윤대희,위키북스,20210415,32400,9791158392550
6,C# 프로그래밍(2판) (프로그래밍 기초부터 객체 지향 핵심까지),윤인성,한빛아카데미,20210105,23400,9791156645238
7,C# 프로그래밍과 PC 기반 제어 (Advantech Digital I / O 모듈 USB-4751 사용),박영만,건기원,20210630,18900,9791157675999
8,C Programming,김상근^조정길^박중오,북스홀릭,20120301,0,9788994914794
9,C 기초 플러스 (최신 C11 버전 포함),Stephen Prata,성안당,20171211,34200,9788931555318
10,두들낙서의 C/C++ 한꺼번에 배우기 (최고의 명강의를 한 권에 담은),최지훈,위키북스,20210604,24300,9791158392581
11,C로 배우는 알고리즘 2 (활용 알고리즘),이재규,세화,20130101,20700,9788931701913
12,Visual C++ 2015 MFC Programming (Visual Studio 2015),정일홍,생능출판,20170228,29700,9788970509075
13,포르잔 C++ 에센셜 (절차 지향부터 객체 지향 프로그래밍까지),Behrouz A. Forouzan^Richard F. Gilberg,한빛아카데미,20201110,28800,9791156645061
14,C#을 다루는 기술 (c#을 c#답게 사용하자!),존 스킷,길벗,20210504,32400,9791165215521
15,포르잔 C++ 바이블 (절차 지향부터 객체 지향 프로그래밍까지),Behrouz A. Forouzan^Richard F. Gilberg,한빛아카데미,20200831,40500,9791156645030
16,C로 배우는 기초 프로그래밍,오세종^강현선^정영애,그린,20100215,14850,9788957271346
17,C & JAVA 프로그래밍 입문 2 (이렇게 하면 나도 프로그램을 잘 만들 수 있다),안병진,삼양애드,20121001,22500,9788997399062
18,C 프로그래밍과 스타일링,오일석,교보문고,20090228,19800,9788970859927
19,난 정말 C PROGRAMMING을 공부한 적이 없다구요,윤성우,오렌지미디어,20100102,24300,9788996094012
20,C & JAVA 프로그래밍 입문.1 (이렇게 하면 나도 프로그램을 잘 만들 수 있다),안병진,삼양애드,20120220,20700,9788997399031
21,C# 프로그래밍 입문,이창환^이양선^김정숙^이창환^손윤식,생능출판,20170314,24300,9788970509013
22,Programming 입문자를 위한 C,이완권,북스홀릭퍼블리싱,20210302,19800,9791162890356
23,C 프로그래밍 연습,이종원,도서출판 홍릉(홍릉과학출판사),20041125,15000,9788972834359
24,C를 배우면 함수를 잘 만들어야 한다,안병진,명진도서출판,20100225,25200,9788995664230
25,C++가 보이는 그림책 (개정증보판),"ANK Co., Ltd.",성안당,20191018,15300,9788931556285
26,C C++로 배우는 자료구조론,주우석,한빛아카데미,20150202,20700,9791156641780
27,C++ 프로그래밍의 정석,최정훈^이탁,삼창미디어,20150827,27000,9788998411343
28,수치해석을 위한 C++ (확장 및 지속 가능한 코드개발 그리고 OpenFOAM),연성모,경문사,20210302,36630,9791160734249
29,비기전수 C 프로그래밍,윤성우,인피니티북스,20100225,25000,9788992649223
30,유니티 애니메이션 에센셜 (유니티 C# 스크립트로 애니메이션 기초부터 고급까지),앨런 쏜,에이콘출판,20170126,18000,9788960779730
31,모어 이펙티브 C# (더 강력한 C# 코드를 구현하는 50가지 추가 전략과 기법),빌 와그너,한빛미디어,20190506,22500,9791162240892
32,이것이 C++이다 (강의 현장을 그대로 옮긴 C++ 입문서),최호성,한빛미디어,20160201,22500,9788968482465
33,"이펙티브 C# (강력한 C# 코드를 구현하는 50가지 전략과 기법, 3판)",빌 와그너,한빛미디어,20171106,22500,9791162240038
34,이것이 C#이다 (처음부터끝까지입문자를배려한C#입문서(C#7.2버전) | 동영상강의무료제공),박상현,한빛미디어,20180701,27000,9791162240861
35,C 프로그래밍의 정석,최정훈^이탁,삼창미디어,20160127,0,9788998411374
36,C프로그래밍 원리와 응용,홍성용,북스홀릭,20110302,0,9788994914138
37,C 기초 플러스,Stephen Prata,성안당,20150610,0,9788931553765
38,C++ 기초 플러스,Stephen Prata,성안당,20130820,0,9788931552362
39,ANSI C 프로그래밍,E Balagurusamy,학산미디어,20210105,32000,9791185294315
40,리얼 C# 프로그래밍 (누구나 할 수 있는 눈에 보이는 프로그래밍),조수현,루비페이퍼,20151027,24300,9791186710029
41,C를 배우기 전에 반드시 알아야 할 것들,무라야마 유키오,루비페이퍼,20150510,19800,9791195149285
42,이렇게 하면 나도 프로그램을 잘 만들 수 있다 (C & JAVA 프로그래밍 입문 3),김석현,삼양애드,20130701,22500,9788997399130
43,실전 대비 C 알고리즘 인터뷰 (코딩 인터뷰 대비 최적의 문제 해결법!),헤먼 자인,길벗,20200928,32400,9791165212957
44,하루에 쪼갠다 C++ 알고리즘 (stack 핵심기초) (컬러판) (stack 핵심기초),박영진,부크크(bookk),20200828,9800,9791137215887
45,C#이 보이는 그림책 (개정증보판),"ANK Co., Ltd.",성안당,20200316,15300,9788931555424
46,하루에 쪼갠다 C++ 알고리즘 (recursion 핵심기초) (컬러판),박영진,부크크(bookk),20200910,9800,9791137217195
47,컴퓨팅 사고를 위한 C 프로그래밍,김석수,휴먼싸이언스,20200828,27000,9791189057213
48,Tizen 애플리케이션 프로그래밍 (HTML5와 C++ 기반 오픈소스 플랫폼),서영진,프리렉,20140523,34200,9788965400653
49,실용 C++,장덕성,계명대학교출판부,20200625,21000,9791165160432
50,"전문가를 위한 C++ (C++17, 병렬 알고리즘, 파일시스템, 제네릭 람다)",스캇 클레퍼,한빛미디어,20190820,61200,9791162242087
51,처음 배우는 C# 프로그래밍 (유니티로 게임을 만들며 재밌게 배우기),백현우,위키북스,20200528,22500,9791158392116
52,모던 C++ 챌린지 (100가지 문제로 익히는 모던 C++의 다양한 기능),마리우스 반실라,에이콘출판,20200528,27000,9791161754147
53,알짜배기 예제로 배우는 OpenCV (파이썬과 C++로 마스터하는 OpenCV 프로그래밍),이정주,비제이퍼블릭,20200429,28224,9791190014915
54,C# 프로그래밍 정석 (개념 설명부터 프로젝트 제작까지),이창현,혜지원,20200117,20700,9788983793454
55,뇌를 자극하는 C 프로그래밍,서현우,한빛미디어,20051031,19800,9788979143447
56,C Program 공작소,엄정국,21세기사,20200310,24300,9788984688674
57,C Programming 정복하기 (프로그램 개발을 위한 첫걸음!),신윤환^윤희환,북스홀릭퍼블리싱,20150105,20700,9791185123264
58,C 프로그래밍 기초,서동만,인피니티북스,20191219,16200,9791185578521
59,C++ 에센스,전병선,와우북스,20130212,18900,9788994405124
60,유지보수 가능한 코딩의 기술 C#편 (클린 코드의 비결),주스트 뷔서^파스칼 반 에크^롭 반 더 리크^실번 리갈^히시 위즌홀즈,길벗,20190930,16200,9791160509335
61,아이폰 게임 (C/C++로 배우는 아이폰 게임 프로그래밍),천영호,인피니티북스,20110308,26100,9788992649599
62,혼자 연구하는 C C++ 2,김상형,와우북스,20090617,24300,9788996103899
63,혼자 연구하는 C C++ 1,김상형,와우북스,20090617,26100,9788996103882
64,C프로그래밍 기초 (차근차근 배우는),하숙정^류춘하^박보석^송무희^하숙정,경북대학교출판부,20170201,21780,9788971804513
65,예제중심의 C프로그래밍,황혜정,글로벌,20200304,14400,9788955027921
66,"프랙티컬 C# (관용구, 정석, 패턴으로 배우는 C# 프로그래밍 테크닉)",이데이 히데유키,위키북스,20180110,25200,9791158390860
67,뼈 때리는 C (205 예제와 220 그림으로 손에 넣는 프로그래밍 아우라),시바타 보요,프리렉,20190102,19800,9788965402312
68,Functional Programming in C++ (C++를 사용해 함수형 프로그래밍 원리 마스터하기),이반 추키츠,에이콘출판,20190823,31500,9791161753416
69,Warming-Up C Programming,천정아,연두에디션,20191120,22500,9791188831203
70,C# 프로그래밍 첫걸음,김한주,사이버북스,20190829,23000,9791186708071
71,모던 C++ 프로그래밍 쿡북 (100가지 레시피로 배우는 C++ 동작의 이해와 문제 해결),마리우스 반실라,에이콘출판,20190731,36000,9791161753348
72,C++ 기초 프로그래밍 트레이닝,김상형,한빛아카데미,20180325,24180,9791156643906
73,C# 코딩의 기술: 기본편 (똑똑하게 코딩하는 법),가와마타 아키라,길벗,20150923,16020,9791186659328
74,C++로 나만의 운영체제 만들기 (비주얼 스튜디오를 활용한 커널 개발),박주항,에이콘출판,20180928,36000,9791161752051
75,예제로 배우는 C 프로그래밍,김민규,가메,20170922,21600,9788980782918
76,모던 C++ 프로그래밍 입문,음두헌,가메,20160923,22500,9788980782840
77,C 프로그래밍 기초,김대응^이면섭^홍창수,교학사,20150210,17820,9788909191890
78,C# 윈도폰 7 프로그래밍,노용덕,한산,20120120,22000,9788989215714
79,VISUAL C++ 2008 MFC 시스템 프로그래밍 (MFC v 9.0),이창현,혜지원,20090529,22500,9788983796042
80,오브젝티브 C (iOS와 맥 OS X 개발을 위한),마크 달림플^스콧 내스터^와카르 말릭,비제이퍼블릭,20130222,25200,9788994774305
81,자바 시큐어 코딩 가이드라인 (신뢰성 있고 안전한 프로그램을 위한 76가지 권고사항),Fred Long^Dhruv Mohindra^로버트 C. 시코드^Dean F. Sutherland^David Svoboda,인피니티북스,20170608,27000,9791185578156
82,네트워크 프로그래밍 (네트워크 모니터링 시스템 구현을 위한 C# 네트워크 프로그래밍),김성수^이정호,가메,20160610,20700,9788980782826
83,백견불여일타 C# 입문 (예제와 연습문제에 집중한 프로그래밍 입문서),정준석,로드북,20191115,22500,9788997924455
84,C++ 표준 라이브러리 (제2판),니콜라이 조슈티스,에이콘출판,20130830,45000,9788960774636
85,C & C++ 완벽가이드(SECOND EDITION),김용성,영진닷컴,20110430,19800,9788931440867
86,VISUAL C++ 6 완벽가이드,김용성,영진닷컴,20040210,29700,9788931427301
87,C++ 멀티스레딩 정복하기 (견고하면서도 병렬성과 병행성을 가지는 애플리케이션 작성법),마야 포쉬,에이콘출판,20181123,22500,9791161752365
88,C 프로그래밍,조정호,광문각,20180625,24750,9788970939032
89,"크로스 플랫폼 핵심 모듈 설계의 기술 (모바일, 리눅스, 맥, 윈도우를 아우르는 C++ 라이브러리 구축 바이블)",전상현,로드북,20180827,34200,9788997924400
90,Objective C와 Swift 프로그래밍,조영석,예문사,20180510,22500,9788927427131
91,순서도로 배우는 C프로그래밍,김종훈,다올미디어,20160713,16200,9788997587216
92,Effective C++ (이펙티브 C++),스콧 마이어스,프로텍미디어,20150326,23400,9791195444946
93,게임으로 C 프로그래밍 마스터하기 (코딩 원리를 쉽게 배우기 위한),원일용,북스홀릭퍼블리싱,20180201,22500,9791185123967
94,C++ 프로그래밍 (초보자도 쉽게 따라 할 수 있는),장인성,광문각,20170213,23750,9788970938233
95,그레이햇 C# (C#을 활용한 해커의 보안 도구 제작과 자동화 가이드),브랜든 페리,에이콘출판,20180212,27000,9791161751184
96,iOS 앱 개발을 위한 Swift 3 (Swift3.0 Swift2.3 Objective-C Xcode 8 iOS Basics),김근영,디지털북스,20161025,38700,9788960881914
97,데이터구조 및 알고리즘 분석 (C++를 이용한),MARK ALLEN WEISS,도서출판 홍릉(홍릉과학출판사),20100303,33660,9788972838494
98,Objective-C 개발자를 위한 Swift,김근영,디지털북스,20141215,27000,9788960881518
99,C++ 빌더 Step by 클릭,김승현,데브기어출판부,20120322,27000,9788996251620
0,C프로그램의 이해 (요약 테이블 그림 예제),주수종,휴먼사이언스,20120816,16200,9788993712353
1,오브젝티브 C 2.0 (Mac/iOS 개발자를 위한),로버트 클레어,정보문화사,20130715,22500,9788956745923
2,VISUAL C# 2008 STEP BY STEP,JOHN SHARP,정보문화사,20090130,27000,9788956744575
3,윈도우 7 프로그래밍 (C++와 C# 예제로 쉽게 배우는),요차이 키리아티,에이콘출판,20110216,27000,9788960771819
4,C 프로그래밍,이귀봉,가메,20130723,17550,9788980782628
5,C프로그래밍 기초 Plus (개정판),박성욱,명진,20130830,20000,9788966510887
6,C 프로그래밍 (전문가로 Level-Up),김형,정익사,20140501,23000,9788935305162
7,C++ 프로그래밍 WINNER,조재수,인피니티북스,20090112,26000,9788992649230
8,C 프로그래밍의 기초,소용철^채현석,오성미디어,20070228,16000,9788989464983
9,VISUAL C++ (예제로 쉽게 배우는),장시웅,정익사,20100225,20000,9788935304622
10,정전기학과 기하광학 (Visual C++ 6.0으로 구현한),최행진,교우사,20081010,14250,9788981727659
11,VISUAL C++ 디지털 영상처리,정성환,도서출판 홍릉(홍릉과학출판사),20070210,38800,9788972835684
12,실전 C프로그래밍,최준수,국민대학교출판부,20091211,16000,9788978122870
13,C# 객체지향프로그램,이양원,휴먼사이언스,20090305,26100,9788996190684
14,C++ 프로그래밍,이대호,인터비젼,20080304,26000,9788956674216
15,C&JAVA 실무 프로그래밍: 초급편,하준호,아우룸,20170621,27000,9791187171577
16,C & C++ 시큐어 코딩 (버그 없는 안전한 소프트웨어를 위한),로버트 시코드,에이콘출판,20150109,40500,9788960776548
17,C++ 프로그래밍,홍봉희 (역저),정익사,20170310,35000,9788935305353
18,코딩의 기술 (C와 C++ 게임 코드로 알아보는),오즈 모리하루,한빛미디어,20160401,17820,9788968482694
19,유니티 5.x와 함께하는 C# 첫걸음 (C#을 배우고 싶은 유니티 개발자를 위한),그렉 루코섹,에이콘출판,20161130,22500,9788960779358
20,원리부터 배우는 SYSTEM C,데이빗 C 블랙^잭 도노반,에이콘출판사,20070213,27000,9788960770027
21,유니티 C# 스크립트 A to Z 세트 (유니티 5.x와 함께하는 C# 첫걸음 + 유니티 C# 스크립팅 마스터하기),그렉 루코섹,에이콘출판,20161222,49500,9788960779549
22,순서도 for C,곽노윤,정익사,20130311,25000,9788935305056
23,C프로그래밍 기초 (임베디드 프로그래밍과 함께 하는),최경래,문운당,20160225,18000,9791156922087
24,고급C# 데이터베이스 프로그래밍,홍동권,빛을여는책방,20150227,12600,9788975857010
25,C++ 프로그래밍 (개정판),이상부,글로벌,20160228,14400,9788955027952
26,실전 C 프로그래밍 첫걸음 (C Programming),김한주,문운당,20151223,18810,9791156921738
27,LET S GO C: C 프로그래밍과의 여행 (C 프로그래밍과의 여행),박태진^신윤식^정찬중,한티미디어,20080303,17100,9788991182486
28,C 프로그래밍 기초 (주행로봇으로 배우는),미명원,문운당,20150115,19800,9791156920656
29,처음 배우는 C# (초보자를 위한 입문 가이드),제이든 카이,에이콘출판,20150331,22500,9788960776944
30,2010 Visual C++ (예제 중심의 MFC 프로그래밍),장시웅,정익사,20150110,26000,9788935305230
31,C++ 객체지향 프로그래밍,노창배,기전연구사,20121114,13500,9788933608647
32,C프로그래밍 연구,이경목,21세기사,20130305,30400,9788984684713
33,Head First C (내공 있는 C 프로그래머로 이끌어주는 착한 안내서),데이빗 그리피스,한빛미디어,20121120,30600,9788979149760
34,C by Dissection (THE ESSENTIALS OF C PROGRAMMING),Al Kelly,피어슨 에듀케이션,20130830,39000,9788945072139
35,기초부터 활용까지 C/C++ Programming (기초부터 활용까지),김대경,삼양미디어,20090130,22500,9788958971405
36,이게 진짜 C 프로그래밍이다 (자신감을 북돋아주는 C프로그래밍 가이드북),이동익,영진닷컴,20140825,18000,9788931447514
37,C:1단계,한혁수,이한출판사,19960101,13300,9788982410109
38,멘토 C,김원선,이한미디어,20140810,19800,9788982418211
39,Visual C# 윈도우 프로그래밍 기초,류상문,문운당,20140820,20790,9791156920342
40,C++ 프로그래밍 (기초에서부터 응용활용까지),박종관,명진,20071120,18000,9788992626156
41,C++ 프로그래밍,임정목,21세기사,20080825,13500,9788984682696
42,C 프로그래밍,황수철,복두출판사,20140825,21000,9791185880105
43,C & Visual C++ 6 Days,정창덕,그린,20030530,18050,9788957270110
44,오브젝티브C 프로그래밍,게리 베넷,에이콘출판,20121130,22500,9788960773653
45,C 프로그래밍 기초,안귀임^황형덕,21세기사,20090125,14400,9788984682917
46,C PROGRAMMING 입문과 활용,이대호,GS인터비전,20100205,19800,9788993668452
47,기초 C (예제 프로그램 중심),오창혁,교우사,20070901,23750,9788981727024
48,C 프로그래밍,심광열,태영문화사,20080305,17000,9788991656772
49,구조적 프로그래밍을 위한 C 프로젝트 (구조적 프로그래밍을 위한),오선진,혜지원,20090831,16200,9788983796165
50,전산물리학 (VISUAL C++ 6.0으로 구현한),최행진,교우사,20080620,19000,9788981727468
51,VISUAL C++ 로 미는 병렬포트제어 (윈도우즈 XP),류기주,OHM사,20080315,22000,9788971017777
52,Visual C++ 2010 MFC 프로그래밍 (기초부터 실전 예제까지),MFC 프로그래밍 연구회,세진북스,20110715,22500,9788994831817
53,C 기초 핵심 원리,박진수,생능,20090425,19800,9788970506241
54,예제 중심의 눈높이 다이어트 C (예제 중심의),최재원,생능,20090825,15300,9788970506463
55,C 프로그래밍 (Cygwin과 함께 배우는),김명호,도서출판 홍릉(홍릉과학출판사),20100222,28710,9788972838173
56,아이폰 프로그래밍 가이드 (Objective-C부터 네트워크까지),하기룡^김경만,프리렉,20090710,25200,9788989345985
57,시스템 프로그래머를 위한 C프로그래밍 (시스템 프로그래밍을 위한),조세형,휴먼싸이언스,20090306,22500,9788996190691
58,"C, 이것만 알면 된다 (개정판)",윤성수^이관용^정현숙^윤은영,연세대학교출판부,20070830,25000,9788971417652
59,C++ 최적화 (최고 성능을 구현하는 10가지 검증된 기법),커트 건서로스,한빛미디어,20190705,34200,9791162241981
60,C 프로그래밍: 예제 중심,정훈조,현우사,20190220,19800,9788980814633
61,"제프리 리처의 WINDOWS VIA C/C++ 5/E(복간판) (5판까지 이어진 제프리 리처의 명성, 윈도우 프로그래밍의 바이블!)",Jeffrey Richter^크리스토프 나자르,한빛미디어,20190401,37800,9788979146219
62,Playing with C (처음 만나는 C 프로그래밍),우균,인피니티북스,20190628,24300,9791185578446
63,C++ 자료구조론,Ellis Horowitz,인피니티북스,20070830,27000,9788992649025
64,알기 쉬운 스크래치 C코딩,정현희,크라운출판사,20190110,18000,9788940635278
65,Head First C# (상상을 초월하는 객체지향 C# 학습법),앤드류 스텔만^제니퍼 그린,한빛미디어,20150301,37800,9788968481659
66,Effective Modern C++(이펙티브 모던 C++) (C++11과 C++14를 효과적으로 사용하는 42가지 방법),스콧 마이어스,인사이트,20150918,25200,9788966261642
67,C# 7.0 프로그래밍 실전 프로젝트,김성수,가메,20181105,21600,9788980783007
68,C# 7 and .NET Core 2.x Blueprints (프로젝트별 예제로 배우는 C#과 닷넷 코어),더크 스트라우스,에이콘출판,20190430,31500,9791161752914
69,깐깐하게 배우는 C (52단계 연습으로 배우는 실용 C 코딩 노하우 | 프로그래밍인사이트),제드 쇼,인사이트,20180205,22500,9788966262151
70,C++프로그래밍과 STL (C++ 프로그래밍 입문서의 결정판),이창현,혜지원,20121219,13500,9788983797674
71,안드로이드 NDK 프로그래밍 (JNI와 C/C++ 라이브러리를 활용한 네이티브 안드로이드 애플리케이션),실뱅 라타부이,에이콘출판,20120928,31500,9788960773462
72,C++ (객체지향 프로그래머들이 반드시 알고 있어야 할 코딩의 정석),윤훈남^오기성,성안당,20091230,16200,9788931550696
73,"핵심 C++ 표준 라이브러리 (C++11, C++14 표준 반영 | 부록: 차기 C++17 표준 라이브러리 소개)",라이너 그림,인사이트,20170615,18000,9788966263097
74,Functional C# (C#으로 배우는 함수형 프로그래밍),위스누 앤거로,에이콘출판,20190228,27000,9791161752754
75,C# 5.0 프로그래밍 실전 프로젝트,김성수,가메,20150203,21600,9788980782758
76,실전 C프로그래밍,나중채,이십일세기사,20190227,28800,9788984688261
77,객체지향 프로그래밍을 위한 C++의 이해,김점구,북스홀릭퍼블리싱,20190228,25200,9791162890141
78,C 프로그래밍,조준호,휴먼싸이언스,20190220,22500,9791189057091
79,전문코딩능력평가 COS PRO 2급 C (핵심이론과 문제해결을 위한 사고력 향상),장대경,성안당,20190220,16200,9788931555622
80,C 프로그래밍 완전정복 (핵심포인트를 꽉 짚어주는),이다미^이용민,한티미디어,20150225,22500,9788964212240
81,Cilk Plus(실크 플러스): C/C++ 확장 차세대 병렬 프로그래밍 (C C++ 확장 차세대 병렬 프로그래밍),정영훈^최규달,프리렉,20120825,25200,9788965400318
82,Core C Programming,천정아,연두에디션,20190114,27720,9791188831166
83,C프로그래밍 응용 및 실습 (step by step),황준하,도서출판 홍릉(홍릉과학출판사),20181228,11880,9791156006275
84,C++ 템플릿 (완벽 가이드),다비드 반데부르드,에이콘출판,20181022,45000,9791161752174
85,C 프로그래밍,김도희,휴먼싸이언스,20181220,12600,9791189057046
86,Accelerated C++ (C++를 C++답게 배우는 16가지 방법),앤드루 쾨니히,한빛미디어,20181105,27000,9791162241301
87,C++ 특강,신우창,배움터,20180903,19000,9788989383734
88,애프터스킬 C 프로그래밍 오답노트 (C학점들에게 도움되는 비타민 C),문찬승,아이콕스(iCox),20180825,13500,9791186886878
89,초보자를 위한 C++ 200제 (C++시작을위한최고의입문서! 설치부터문법배우고JSON응용까지레벨업!),박준태,정보문화사,20180430,19800,9788956747828
90,C++ 프로그래밍,김화수,한빛아카데미,20171222,25200,9791156643647
91,유니티 3D로 배우는 C# 프로그래밍,알렉스 오키타,e비즈북스,20180228,32400,9791157831012
92,C++로 시작하는 객체지향 프로그래밍 (제3판),Liang Y. Daniel,ITC,20160831,28800,9788963510552
93,"모던 C++로 배우는 함수형 프로그래밍 (커링, 메타프로그래밍 등 C++와 함수형 프로그래밍의 핵심)",위스누 앤거로,에이콘출판,20180330,27000,9791161751368
94,개념을 콕콕 잡아주는 C프로그래밍 (제4판),천정아,이한미디어,20170901,22500,9788993163322
95,시리얼 (진짜 이해하기 쉽게 쓰여진 C Porogramming 기본서),조용관,하움출판사,20171022,12600,9791188461066
96,이펙티브 오브젝티브 - C 2.0,맷 갤러웨이,인사이트,20140422,23400,9788966261086
97,C 프로그래밍 (처음 배우는 프로그래밍 언어는 쉬워야 한다),김충석,한빛아카데미,20150301,21600,9791156641483
98,Hi Coding with Scratch & C (Absolute Beginner’s Guide),김충석,앤아이컴즈,20170301,23750,9791187234050
99,"Cocoa Internals (오브젝티브-C와 스위프트, 멀티 패러다임의 시작)",김정,인사이트,20170103,19800,9788966262076
0,C++ 프로그래밍,김석수,휴먼싸이언스,20170126,22500,9788993712810
1,C 인터페이스 구현 (재사용 가능한 소프트웨어 개발을 위한),데이비드 R. 핸슨,케이앤피북스,20120806,28800,9788964200803
2,프로그래밍 오브젝티브 C 2.0 (Programming in Objective-C 5/E),스티븐 코찬,인사이트,20131217,29700,9788966260942
3,창의적 코딩을 위한 C프로그래밍,고진광,도서출판 홍릉(홍릉과학출판사),20160309,23760,9791156004325
4,도란도란 C프로그래밍,이형봉,도서출판 홍릉(홍릉과학출판사),20150827,20000,9791156003892
5,이게 진짜 C++ 프로그래밍이다,이동익,영진닷컴,20150401,18000,9788931448139
6,Art of C 프로그래밍 기초,박태희,도서출판 홍릉(홍릉과학출판사),20150227,16830,9791156003502
7,자바 개발자를 위한 오브젝티브C,제임스 뷰캐넥,에이콘출판,20110110,31500,9788960771727
8,씽킹 다이어리 (C프로그래밍으로 가는 여행),권은경,ITC,20080305,18000,9788990758927
9,내가 하는 사물인터넷 프로그래밍 2: 라즈베리 파이 C++ 편,설상동,지식과감성,20170804,18000,9791159617720
10,C#으로 온라인 게임 서버 만들기 (유니티 개발자를 위한),이석현,한빛미디어,20151026,12960,9788968487583
11,C++ 프라이머 (제5판),Lippman,Pearson,20130530,39000,9788945072207
12,C프로그래밍 입문,김태용,한산,20170110,20000,9791187555025
13,C#,이창섭,문운당,20160225,24750,9791156921943
14,C++ 프로그래밍 (정보 올림피아드를 준비하는 초중고생을 위한 비전서),하성욱,좋은땅,20081001,12600,9788993368222
15,C++ 시각화 객체지향 개념 (새틀(SETL)을 이용한),유홍준,소프트웨어품질기술원,20150717,16200,9791195482931
16,Java EE 아키텍트 핸드북 (성공적인 Java EE 애플리케이션 아키텍트가 되는 방법),Derek C. Ashmore,와우북스,20150512,23400,9788994405230
17,C 프로그래밍 기초 넘나들기,강성수,성안당,20150216,22500,9788931553383
18,C++ 와인드업 플러스(기초에서 마무리까지) (기초에서 마무리까지),황준하,카오스북,20140131,32000,9788998338688
19,Unity 3.x Game Development Essentials 한국어판 (C#과 자바스크립트로 하는 유니티 3.x 게임 개발),윌 골드스톤,에이콘출판,20120430,31500,9788960772991
20,오브젝티브-C의 정석 (예제로 배우는),Christopher K. Fairbairn,ITC,20120921,25200,9788963510422
21,IPHONE APPS 개발하기 (Objective-C 혹은 Cocoa 없이 앱스토어 애플리케이션 만들기),조나단 스타크,아이티씨,20100604,16200,9788963510187
22,C/C++ 프로그래머가 몰랐던 프로그램의 동작 원리: 프로그램 개발편 (프로그래머가 몰랐던 프로그램의 동작 원리 프로그램 개발편),박수현,한빛미디어,20140410,10710,9788968487088
23,C++ 길라잡이,김태수,복두출판사,20140325,16830,9788980003983
24,C Programming,이상엽,배움터,20030530,22000,9788989383086
25,두렵지 않은 C++ (영리하게 코딩하고 싶은 C++ 초급 개발자를 위한 가이드),브라이언 오버랜드,에이콘출판,20130227,36000,9788960774025
26,C/C++: 프로그램 생성편 (프로그래머가 몰랐던 프로그램의 동작 원리),박수현,한빛미디어,20140424,10710,9788968487101
27,C++ 프로그래밍 사로잡기 (만만한 프로그래밍 시리즈 02),현윤섭,정보문화사,20090430,16200,9788956744599
28,C++ 프로그램 작성법,이수현,기한재,20120910,19000,9788970186726
29,Learning Xamarin iOS 프로그래밍 (C#과 .Net을 이용한 iOS 앱 개발 가이드),마이클 블루스타인,정보문화사,20140226,20700,9788956746098
30,시스템 엔지니어를 위한 C 완벽 가이드,,홍릉과학출판사,20010430,22310,9788972832058
31,오브젝티브-C 프로그래밍 (MAC IPHONE용),스티븐 홀즈너,비팬북스,20101229,18000,9788994797007
32,C프로그래밍 (C프로그래밍의 기초 개념부터 실제 응요프로그램 개발까지),E. Balagurusamy,학산미디어,20140821,30000,9791185294056
33,멘토 C,김원선,이한출판사,20110715,22000,9788982417351
34,C가 보이는 그림책 (국내 최초 그림으로 배우는 C 프로그래밍 입문서),"ANK Co., Ltd.",성안당,20180315,0,9788931555455
35,C++가 보이는 그림책 (국내 최초 그림으로 배우는 프로그래밍 입문서),"ANK Co., Ltd.",성안당,20171228,0,9788931555325
36,C가 보이는 그림책 (국내 최초 그림으로 배우는 C프로그래밍 입문서),"ANK Co., Ltd.",성안당,20140912,0,9788931553215
37,C 포인터 (다양한 예제로 완성하는),공동환,프리렉,20140214,0,9788965400554
38,VISUAL C++ 2008 MFC 윈도우 프로그래밍 (전문 윈도우 개발자로 가기 위한 빠른 선택),최호성,프리렉,20090205,31500,9788989345961
39,오브젝티브 C 2.0 (핵심만 골라 배우는),닐 스미스,제이펍,20111205,19800,9788994506296
40,C C++ 프로그래밍 (프로그래밍 기초와 객체지향),김민규,한빛아카데미,20130315,0,9788998756086
41,소프트웨어 개발자를 위한 C프로그래밍,김명호,도서출판 홍릉(홍릉과학출판사),20140302,0,9791156000365
42,전문가를 위한 C++ (C++14 제네릭 람다 STL 템플릿 디자인 패턴 객체지향의 원리를 익히는 확실),스캇 클레퍼,한빛미디어,20161101,0,9788968484858
43,C로 시작하는 컴퓨터 프로그래밍 (꼭 필요한 내용만 간결하게 배우는 C의 핵심),문호석^손명호,한빛아카데미,20140128,0,9788998756925
44,CGSF를 활용한 게임 서버 제작 (C++로 온라인 게임 서버 구축하기),박주항,한빛미디어,20140724,11880,9788968486982
45,Objective-C 2.0(오브젝티브-C 2.0) (아이폰과 맥 OS X 개발을 위한 Objective-C),마크 달림플^스콧 내스터,비제이퍼블릭,20090824,0,9788996276500
46,SDL과 C++를 이용한 크로스 플랫폼 프로그래밍,박주항,한빛미디어,20150813,12960,9788968487835
47,Head First C# (상상을 초월하는 객체지향 C# 학습법),앤드류 스텔만^제니퍼 그린,한빛미디어,20111010,0,9788979148589
48,오브젝티브-C 프로그래밍,아론 힐리가스,제이펍,20120427,0,9788994506401
49,Visual C++2017 환경에서의 C 프로그래밍 (제4판),황수철,복두출판사,20190304,0,9791159065057
50,Visual C++를 활용한 Windows Programming,홍원기,북스홀릭퍼블리싱,20190228,18000,9791162890134
51,C++로 개발하는 언리얼 엔진 4 (체계적으로 배우는 언리얼 엔진 가이드),윌리엄 셰리프,에이콘출판,20190225,36000,9791161752716
52,OPENMP 병렬 프로그래밍 (멀티 코어를 위한 C C++ 멀티스레딩의 표준),정영훈,프리렉,20110117,0,9788965400073
53,처음 시작하는 C의 연인,박미경,이한미디어,20180310,0,9788993163414
54,C++ 네트워크 프로그래밍,최흥배,한빛미디어,20170529,12960,9788968487378
55,C Programming with a Workbook,김원선,연두에디션,20170615,0,9791195730445
56,C#이 보이는 그림책 (국내 최초 그림으로 배우는 C# 프로그래밍 입문서),"ANK Co., Ltd.",성안당,20170523,0,9788931555110
57,든든한 C프로그래밍,김원선,연두에디션,20161215,0,9791195730414
58,안드로이드의 모든 것 NDK (C/C++을 이용한 안드로이드 앱 개발 방법),이성호^전호철,한빛미디어,20120917,30600,9788979149593
59,Thinking About C/C++ 프로그래머가 몰랐던 프로그램의 동작 원리: 프로그램 실행 환경편,박수현,한빛미디어,20140526,10710,9788968487163
60,C/C++ 데이터구조,임권묵,한국의맥(HKM),20160830,0,9791186954010
61,C# 코딩의 기술 실전편 (똑똑하게 코딩하는 법),가와마타 아키라,길벗,20160812,21600,9791187345442
62,C까기: 입문용 (다양한 예제와 쉬운 설명으로 쉽게 배우는),김희석,느린생각,20160718,28800,9791187139096
63,"C# 멀티스레드 프로그래밍(acorn+PACKT 시리즈) (멀티코어를 위한 스레드, TPL, PLINQ, Rx 활용)",유진 아가포노프,에이콘출판,20160414,27000,9788960778382
64,ARMv7 프로세서 프로그래밍 (C와 NEON을 이용한 하드웨어 성능 최적화 기법),제임스 랭브리지,에이콘출판,20160408,31500,9788960778450
65,C Programming go! (Standard Coding & Beginning),이완권,북스홀릭퍼블리싱,20160303,0,9791185123677
66,C++프로그래밍,이상부,글로벌,20160228,0,9788955027099
67,C 프로그래밍 (C Programming을 쉽게 재미있게 쏙쏙),천정아,앤아이컴즈,20160301,0,9791195713554
68,C프로그래밍 (제2판),황수철,복두출판사,20160215,21780,9791159060663
69,C#으로 배우는 적응형 코드 (디자인 패턴과 SOLID 원칙 기반의 애자일 코딩),게리 맥린 홀,제이펍,20151126,0,9791185890371
70,실전 Visual C# 2013 첫걸음 (C# Programming),김한주,문운당,20151223,0,9791156921745
71,프로 오브젝티브 C 디자인 패턴 (모바일 개발자를 위한),카를로 청,제이펍,20120504,27000,9788994506432
72,"레거시 코드 활용 전략 (손대기 두려운 낡은 코드, 안전한 변경과 테스트 기법)",마이클 C. 페더스,에이콘출판,20081022,36000,9788989975922
73,C 프로그래밍 기초 PLUS,박성욱,명진,20120215,17000,9788992626903
74,Playing with C(처음 만나는 C프로그래밍) (처음 만나는 C 프로그래밍),우균,교보문고,20130905,0,9788998886455
75,명강의로 완성하는 C 프로그래밍 (널널한 개발자의 널널하지 않은 C 이야기),최호성,프리렉,20130712,0,9788965400455
76,C++ 프로그래밍 입문,황준하,카오스북,20130107,0,9788998338138
77,프로그래밍 센스를 살리는 비타민 C++,채흥석,교보문고,20140228,0,9788998886684
78,C프로그래밍 실전과제 연습문제 세트,천정아,이한미디어,20120220,0,9788982417603
79,객체지향 C++ 프로그래밍,,대청미디어,19961231,10800,9788986475166
80,마이크로소프트 C 프로그래밍,,동일출판사,19960131,18000,9788938101167
81,안드로이드 C-C++ 프로그래밍 (리눅스를 넘어 AOSP 그리고 사물인터넷으로),박헌재,투에이치앤에스,20140725,0,9788996764267
82,초보자를 위한 C++ 프로그래밍,강성수,성안당,20140815,0,9788931553291
83,거꾸로 읽는 C++ (실무적인 관점에서 다시보는 C++),유동근,정보문화사,20130419,18000,9788956745855
84,OBJECTIVE-C 프로그래밍 (XCODE로 배우는),오오츠 마코토,멘토르,20110216,0,9788963050751
85,모던 C++ 프로그래밍 (최신 표준 C++로 쉽고 빠르게 안내하는),서상원,프리렉,20140626,0,9788965400691
86,C 프로그래밍,,학문사,19930228,17000,9788946750999
87,C 프로그래밍 이론과 실제,왕창종,홍릉과학출판사,19980228,13000,9788972830696
88,Essential C# 5.0(한국어판) (C#의 기초와 고급을 아우르는 핵심 바이블),마크 미카엘리스,에이콘출판,20140530,0,9788960775572
89,OSX 구조를 이해하면서 배우는 Objective-C (맥 OS X와 iOS를 위한 오브젝티브-C 가이드),오기하라 타케시,한빛미디어,20130720,0,9788968480331
90,프로그래밍 오브젝티브 C 2.0 4/E,스티븐 코찬,인사이트,20120712,0,9788966260430
91,C++ 병렬.분산 프로그래밍 (칠판 구조와 다중 에이전트 시스템 위주의),Cameron Hughes,정보문화사,20081120,27000,9788956744513
92,C#프로그래밍 실습,김일곤 외,도서출판 홍릉(홍릉과학출판사),20040225,13500,9788972833796
93,Visual C#.2010 프로그래밍,이수영,오성미디어,20140228,0,9788966280957
94,프로그래밍 입문 WITH C,이종원,홍릉과학출판사,20011125,10000,9788972832317
95,입문 C프로그래밍,김정일,학문사,19980131,15000,9788946752023
96,"C++ 더 쉽게, 더 깊게 (친절한 설명과 풍부한 예제로 배우는)",알렉스 알레인,제이펍,20140723,0,9788994506999
97,OBJECTIVE C: 맥과 아이폰 애플리케이션 프로그래밍 (맥과 아이폰 애플리케이션 프로그래밍),오기하라 타케시,한빛미디어,20090728,0,9788979146837
98,Objective-C가 보이는 그림책 (국내 최초 그림으로 배우는 프로그래밍 입문서),ANK Co Ltd,성안당,20131108,13500,9788931552652
99,C++를 이용한 크로스 플랫폼 개발,Syd Logan,정보문화사,20080812,0,9788956744308
0,오브젝티브 C 개발 레시피 (문제 해결 방법을 골라서 배우는),매튜 캠벨,길벗,20121120,30600,9788966184774
1,C를 게임으로 정복하기 (C전문가 원일용의),원일용,북스홀릭,20110725,0,9788994914312
2,OBJECTIVE C 프로그래밍 (iOS 앱 개발 시작을 위한 단계별 40개 예제),JAMES A. BRANNAN,길벗,20110502,27000,9788975605222
3,C++ AMP (Visual C++와 GPGPU를 이용한 대규모 병렬 프로그래밍),케이트 그레고리,한빛미디어,20130722,27000,9788968480256
4,C++가 보이는 그림책 (국내 최초 C++프로그래밍 그림 입문서),ANK Co. Ltd.,성안당,20120206,0,9788931551747
5,Visual C++ 프로그래밍의 이해,임승린,웅보출판사,20111020,0,9788984623385
6,A+ 프로그래밍 C++,장석우,북스홀릭,20110808,0,9788994914329
7,C#이 보이는 그림책,"ANK Co., Ltd.",성안당,20090108,15300,9788931550030
8,최호성의 C 프로그래밍 (메모리와 디버깅은 배신하지 않는다),최호성,프리렉,20120101,0,9788965400172
9,오브젝티브-C 핸드북 (사전처럼 바로 찾아 바로 쓰는),하야시 아키라,위키북스,20120824,28800,9788992939072
10,C++ 프로그래밍 완전정복,제시 리버티,정보문화사,20080830,16200,9788956744490
11,C프로그래밍,Bronson,Cengage Learning,20120224,0,9788962183153
12,오 C 아 C,한재민,학현사,19960910,14000,9788986411348
13,정보인을 위한 C 프로그래밍,,홍릉과학출판사,19980831,12000,9788972830924
14,C 기초와 실용,,학문사,19970331,15000,9788946751705
15,Visual C++ 2010 MFC Programming (MFC Programming),정일홍,생능출판,20130222,30070,9788970507439
16,C 프로그래밍,이기희,글로벌,20090302,11700,9788955025019
17,C 프로그래밍 사로잡기 (만만한 프로그래밍 시리즈 01),진명숙,정보문화사,20090306,16200,9788956744582
18,C 프로그래밍 5/E (C프로그래밍의 기초문법부터 실제응용프로그램 개방까지),E. Balagurusamy,학산미디어,20120220,0,9788996621119
19,TCP/IP 소켓 프로그래밍 C,마이클 도나후^케네스 칼버트,비제이퍼블릭,20091123,16200,9788996276517
20,C# 프로그래밍 입문 (실습으로 배우는 Visual C#),강상진,한빛아카데미,20140128,0,9788998756963
21,C++ 프로그래밍 기법,김수홍,영,20121119,20000,9788992843492
22,또 하나의 C (프로그래밍은 셀프입니다),서두옥,프리렉,20121120,25200,9788965400349
23,임베디드 C 프로그래밍과 Atmel AVR,,한티미디어,20050805,25000,9788991182073
24,쾌도난마 C 프로그래밍 (최고수준의 프로그래머가 되기 위한),강성수,북스홀릭퍼블리싱,20121010,0,9788996931126
25,C# 프로그래밍 (기본 문법부터 실전 예제까지),정성태,위키북스,20131107,0,9788998139346
26,공학도를 위한 C 프로그래밍,,명진(진영사),20080731,13000,9788992626453
27,C++ 객체지향 프로그래밍,송호근,도서출판 홍릉(홍릉과학출판사),20040825,24000,9788972834182
28,C 프로그래밍,,경남대학교출판부,20060824,18000,9788984212589
29,C++ 21일 정복,나윤지 외,혜지원,20030826,18900,9788983793096
30,C 길라잡이,이양선,PCBook(피시북),19951231,9000,9788981930073
31,VISUAL C++ 프로그래밍,,정익사,19980131,15000,9788935302468
32,Thinking C Programming (Borland C++과 함께하는),장중한,컴스페이스,20060911,18000,9788995822647
33,VISUAL C++ 6.0 프로젝트 따라하기 (프로젝트로 따라 배우는),오진환,컴스페이스,20060911,22500,9788995822616
34,C# 퀘스트 (C# QUEST) 기총하 응용,임준식,그린,20061130,13000,9788957270790
35,C++ 프로그래밍,조재수,인피니티북스,20070228,22000,9788995879375
36,C 프로그래밍,박지연,기한재,20060303,14400,9788970183671
37,객체지향 C++,김태수,오성미디어,20070830,13500,9788992583138
38,핵심 C/C++ 프로그래밍,홍성식^이송근,정일,20070525,17100,9788956660820
39,왜 우리만이 언어를 사용하는가 (언어와 진화),로버트 C. 버윅,한울아카데미,20180831,19800,9788946065338
40,신경언어학 (언어처리와 언어장애의 신경과학적 이해),JOHN C. L. LMN,시그마프레스,20100913,22500,9788958328407
41,왜 우리만이 언어를 사용하는가 (언어와 진화),로버트 C. 버윅,한울아카데미,20180831,28800,9788946071087
42,언어 교육과정 개발 (이론과 실제),JACK C. RICHARDS,한국문화사,20150315,19400,9788968172199
43,언어교육 응용언어학 사전,JACK C. RICHARDS^Richard W. Schmidt,글로벌콘텐츠,20161030,30400,9791158521202
44,제2언어 교육에서 교사의 성찰 (영어교육전문가를 위한 체계),Thomas S. C. Farrell,동인,20200229,14400,9788955068177
45,언어의 영웅들 (조지 허버트 조지 휫필드 C S 루이스),존 파이퍼,부흥과개혁사,20161120,9900,9788960924512
46,언어 교육의 접근 방법과 교수법,JACK C. RICHARDS^Theodore S. Rodgers,케임브리지,20170831,0,9788986744804
47,임상대화의 달인되기 (중재로서 언어),마티유 빌라트^제니퍼 빌라트^Steven C. Hayes,삶과지식,20220913,23400,9791185324654
48,IStorybook 3 Level C : The Three Billy Goats Gruffe (Storybook 1권 + Hybrid CD 1장 + Activity Book 1권),Language World 편집부,언어세상(외서),20091015,12320,9788925604398
49,IStorybook 3 Level C : The Sleeping Beauty (Storybook 1권 + Hybrid CD 1장 + Activity Book 1권),Language World 편집부,언어세상(외서),20091001,12600,9788925604374
50,IStorybook Level 3 C : Thumbelina (Storybook 1권 + Hybrid CD 1장 + Activity Book 1권),언어세상 편집부,언어세상(외서),20091001,2800,9788925604411
51,IStorybook 3 Level C : Puss in Boots (Storybook 1권 + Hybrid CD 1장 + Activity Book 1권),언어세상 편집부,언어세상(외서),20091001,12320,9788925604367
52,Istorybook 3 Level C : Cinderella (Storybook 1권 + Hybrid CD 1장 + Activity Book 1권),,언어세상(외서),20091001,12320,9788925604299
0,Power C Language (C 언어의 기초부터 이해하면서 배우기),장종준,다올미디어,20120112,0,9788996629740
1,STM32 Arm Programming for Embedded Systems (Using C Language with STM32F4 Arm),"Chen, Shujen",Microdigitaled,20180514,31200,9780997925944
2,Computer Programming using C Language,,LAP Lambert Academic Publishing,20200523,141180,9786202556460
3,Rle: Japan Mini-Set C: Language and Literature (8 Vols),,Routledge,20111230,1179830,9780415594394
4,C Programming Language,,LAP Lambert Academic Publishing,20180502,170450,9783330069794
5,Language C pour ingenieur,,KS OmniScriptum Publishing,20181017,144630,9786138408512
6,The C Programming Language 반양장 (Prentice Hall Software),"Brian W. Kernighan^Ritchie, Demmos M.^Ritchie, Dennis",Prentice-Hall,20160501,49000,9780131103627
7,"Language for Learning, Workbook C & D",,Gardners Books,20070321,50150,9780076094295
8,"The Articulate Jazz Musician: Mastering the Language of Jazz (C Instruments), Book & CD (Mastering the Language of Jazz: C Instruments)",,Alfred Pub Co,20130101,19520,9780739094464
9,Microcontrollers: From Assembly Language to C Using the PIC24 Family (From Assembly Language to C Using the Pic24 Family),,Cengage Learning,20140827,91620,9781305076556
10,"Language for Thinking, Teacher Presentation Book C",,McGraw-Hill Education - Europe,20010716,459430,9780026848862
11,Language Skills Practice Book Level C : Student’s Book,,Curriculum Associates,20040702,19800,9780760924767
12,"SPARC Architecture, Assembly Language Programming, and C","Paul, Richard P.",Prentice Hall,19990701,315350,9780130255969
13,C Programming For Beginners (The Simple Guide to Learning C Programming Language Fast!),,Ingram Publishing,20200405,43020,9781761032998
14,Objective-C Pocket Reference: A Guide to Language Fundamentals,"Duncan, Andy",Oreilly & Associates,20090120,14780,9780596004231
15,"Lectures on Language, as Particularly Connected With English Grammar: ; c.1",,Legare Street Press,20210910,34340,9781015202016
16,Programming (C ++ Programming: Programming Language For Beginners: LEARN IN A DAY!),,Lulu Press,20160107,60210,9781329779013
17,Learn C Programming - Second Edition: A beginner’s guide to learning the most powerful and general-purpose programming language with ease,,Packt Publishing,20220902,65230,9781801078450
18,A Day in Code: An illustrated story written in the C programming language,,Sundae Electronics LLC,20201124,32680,9781735907901
19,A Day in Code: An illustrated story written in the C programming language,,Sundae Electronics LLC,20201124,24080,9781735907918
20,"Language and Culture in Medieval Britain: The French of England, C.1100-C.1500 (The French of England, c.1100-c.1500)",Jocelyn Wogan-Browne,York Medieval Press,20210101,122330,9781903153277
21,Word and Story in C. S. Lewis: Language and Narrative in Theory and Practice 반양장 (Language and Narrative in Theory and Practice),Peter J. Schakel and Charles A. Huttar,Wipf & Stock,20210101,65420,9781556355875
22,Symbolic Language of Royal Authority in the Carolingian World (c.751-877) 반양장,"Garipzanov, Ildar H.",Brill Academic,20080401,398020,9789004166691
23,"Language and Culture in Medieval Britain: The French of England, C.1100-C.1500 (The French of England, c.1100-c.1500)",Jocelyn Wogan Browne,York Medieval Press,20140408,52340,9781903153475
24,"Software Development for Engineers (With C, Pascal, C++, Assembly Language, Visual Basic, Html, Javascript and Java)",,Butterworth-Heinemann,19970926,375580,9780340700143
25,"C Programming (C Programming Language for beginners, teaching you how to learn to code in C fast!)",,Ingram Publishing,20200331,43020,9781761032899
26,"Silence and Sign Language in Medieval Monasticism : The Cluniac Tradition, C. 900-1200 (The Cluniac Tradition, C.900-1200)","Bruce, Scott G.",Cambridge,20210101,63680,9780521123938
27,C Programming For Beginners: The Simple Guide to Learning C Programming Language Fast!,,Ingram Publishing,20191217,25800,9781761030246
28,"Understanding Interaction: The Relationships Between People, Technology, Culture, and the Environment: Volume 1: Evolution, Technology, Language and C",,Auerbach Publications,20220530,65160,9781032157658
29,"C Programming: C Programming Language for beginners, teaching you how to learn to code in C fast!",,Ingram Publishing,20190701,25800,9781925989526
30,"The Convivial Songster, Being a Select Collection of the Best Songs in the English Language; Humourous Satirical Bachanalian. &c. ... With the Music Prefixed to Each Song",,"Gale ECCO, Print Editions",20180423,60170,9781385507216
31,Mynediad i Hanes: Yr Almaen: Democratiaeth i Unbennaeth tua 1918-45 ar gyfer CBAC (Access to History: Germany: Democracy to Dictatorship c.1918-1945 for WJEC Welsh-language edition),,Hodder Education,20220225,34820,9781398364103
32,Musical Instruments from Around the World (Vietnamese-English): Cac nh?c c? t? kh?p n?i tren th? gi?i,,"Language Lizard, LLC",20220819,27640,9781636852874
33,"The Yorkshire Cattle-doctor and Farrier: a Treatise on the Diseases of Horned Cattle, Calves, and Horses; Written in Plain Language, Which Those Who C",,Legare Street Press,20210909,37790,9781013700583
34,"The Recursive Mind: The Origins of Human Language, Thought, and Civilization - Updated Edition (The Origins of Human Language, Thought, and Civilization)",Michael C Corballis,Princeton Univ Pr,20141013,29830,9780691160948
35,Eclipse Modeling Project: A Domain-Specific Language (DSL) Toolkit (A Domain-Specific Language Toolkit),"Gronback, Richard C.",Addison-Wesley Professional,20090306,81160,9780321534071
36,Pro Linq: Language Integrated Query in C# 2010 (Language Integrated Query in C# 2010),"Rattz, Jr./Rattz, Joseph C., Jr./Freeman, Adam",Apress,20100630,73380,9781430226536
37,Language Competence Across Populations : Toward a Definition of Specific Language Impairment (Toward a Definition of Specific Language Impairment),Yonata Levy and Jeannette C Schaeffer,Taylor & Francis,20130619,97780,9780415655361
38,Politeness : Some Universals in Language Usage 반양장 (Some Universals in Language Usage),"Penelope Brown, Stephen C. Levinson (Photographer",Cambridge,19870601,115330,9780521313551
39,"Anti-Individualism: Mind and Language, Knowledge and Justification (Mind and Language, Knowledge and Justification)","Sanford C, , Goldberg",Cambridge University Press,20100909,80900,9780521169240
40,"Recursive Mind - the Origins of Human Thought, Language and Civilization (The Origins of Human Language, Thought, and Civilization)","Corballis, Michael C./ /",Princeton University Press,20110607,59180,9780691145471
41,English in Medical Education: An Intercultural Approach to Teaching Language and Values (An Intercultural Approach to Teaching Language and Values),Peih-Ying Lu; John C,Univ of Toronto Pr,20130625,199820,9781847697769
42,"True American: Language, Identity, and the Education of Immigrant Children. (Language, Identity, and the Education of Immigrant Children)","Salomone, Rosemary C",Harvard,20100330,67090,9780674046528
43,"The Multilingual Internet: Language, Culture, and Communication Online (Language, Culture And Communication Online)","Danet, Brenda (EDT)/ Herring, Susan C. (EDT)",Oxford Univ Pr,20070502,261000,9780195304794
44,"Computer Programming The Doctrine: An introduction to the language of computer programming. From user-friendly HTML to the more advanced Python. C, C+",,Emmanuel Ossai,20190917,25800,9781999256708
45,"The History of the Picts Containing an Account of Their Original, Language, ... Bounds and Limits of Their Kingdom. Also Their Most Memorable Battles With the Britains, Romans, Scots, &c. ... With a C",,"Gale ECCO, Print Editions",20180421,49840,9781385055434
46,CBAC TGAU HANES: Newidiadau ym maes Iechyd a Meddygaeth tua 1340 hyd heddiw (WJEC GCSE History: Changes in Health and Medicine c.1340 to the present day Welsh-language edition),,Hodder Education,20180116,21690,9781510435216
47,OpenGL 4 Shading Language Cookbook - Second Edition: Acquiring the skills of OpenGL Shading Language is so much easier with this cookbook. You’ll be c,,Packt Publishing,20131231,78490,9781782167020
48,Developing Language and Literacy 3-8,"Browne, Ann C.",Sage,20210101,83070,9781847870834
49,A Norwegian-Danish Grammer and Reader with a Vocabulary Designed for American Students of the Norwegian-Danish Language,"Peterson, C. J. P./ /",Lovenstein Press,20210101,48110,9781443776028
50,Language Learning in New English Contexts: Studies of Acquisition and Development (Studies of Acquisition and Development),"Rita E. Silver, Christine C. M. Goh, Lubna Alsagof",Continuum,20210101,358870,9780826498458
51,New Playwriting Strategies : A Language Based Approach to Playwriting,"Castagno, Paul C.",Routledge,20210101,78750,9780878301362
52,Language in the Brain : Critical Assessments,"Peng, Fred C. C.",Continuum,20210101,78210,9780826438843
53,Language Acquisition and Conceptual Development 반양장,"Bowerman, Melissa (Edt)/ Levinson, Stephen C. (Edt",Cambridge,20210101,136000,9780521596596
54,Approaches and Methods in Language Teaching,Jack C. Richards^Theodore S. Rodgers,Cambridge University Press,20140819,14220,9781107675964
55,Key Issues in Language Teaching,Jack C. Richards,Cambridge University Press,20150917,49500,9781107456105
56,The Cambridge Guide to Second Language Teacher Education,"Burns, Anne (EDT)/ Richards, Jack C. (EDT)",Cambridge,20090401,40000,9780521756846
57,Crossing Cultures in the Language Classroom,"Decapua, Andrea^Wintergerst, Ann C. (EDT)^Decapu",Michigan,20040201,45000,9780472089369
58,Space in Language and Cognition 반양장,"Levinson, Stephen C.",Cambridge,20030401,32000,9780521011969
59,A History of the English Language 6/e,Albert C Baugh^Thomas Cable,Routledge,20120817,30000,9780415655965
60,"Possibility of Language : A Discussion of the Nature of Language, With Implications for Human and Ma 반양장","Melby, Alan K./ Warner, C. Terry",John Benjamins,20180330,0,9789027216144
61,Longman Dictionary of Language Teaching and Applied Linguistics 양장,"Richards, Jack C.",Taylor & Francis,20150427,223220,9781138836907
62,Embodied Rhetorics: Disability in Language and Culture,"Wilson, James C.",Southern Illinois,20150320,52010,9780809323937
63,Pro LINQ: Language Integrated Query in C# 2008,"Rattz Joseph C., Jr.",Apress,20070301,73380,9781590597897
64,Istorybook 4 Level C : Big Scary Monster (Storybook 1권 + Hybrid CD 1장 + Activity Book 1권),Language World 편집부,templar publishing,20100706,14800,9788925651354
65,Cooperative Learning and Second Language Teaching 반양장,"Jacobs, George M.^Dasilva Iddings, Ana Christina^Richards, Jack C.",Cambridge University Press,20090907,60120,9780521606646
66,"Language, Power, and Identity in the Lament Psalms of the Individual 반양장","Cottrill, Amy C.",Continuum,20080501,0,9780567027283
67,Language as the Site of Revolt in Medieval and Early Modern England: Speaking as a Woman (Speaking As a Woman),"Bodden, M. C.",Palgrave Macmillan,20110906,179410,9780230618763
68,IStorybook 3 Level C : The Three Billy Goats Gruffe (Storybook 1권 + Hybrid CD 1장 + Activity Book 1권),Language World 편집부,언어세상(외서),20091015,12320,9788925604398
69,Language Processing (Studies in Cognition),"Garrod, S. C. (Edt)/ Pickering, Martin J. (Edt)/ G",Psychology,19990801,0,9780863778360
70,"Functional Approaches to Language, Culture and Cognition : Papers in Honor of Sydney M. Lamb","Lockwood, David G. (Edt)/ Fries, Peter H. (Edt)/ C",John Benjamins,20000301,0,9781556198793
71,IStorybook 3 Level C : The Sleeping Beauty (Storybook 1권 + Hybrid CD 1장 + Activity Book 1권),Language World 편집부,언어세상(외서),20091001,12600,9788925604374
72,Handbook of Language and Literacy: Development and Disorders (Development And Disorders),"Stone, C. Addison (EDT)/ Silliman, Elaine R. (EDT)",Guilford,20090306,117450,9781593852863
73,"Language Change : The Interplay of Internal, External, and Extra-Linguistic Factors 반양장","Jones, Mari C.",Walter de Gruyter,20030101,296880,9783110172027
74,Reflective Language Teaching (From Research to Practice),"Farrell, Thomas S. C.",Continuum,20080106,61040,9780826496584
75,Motivation and Second Language Acquisition (The Socio-Educational Model),"Gardner, Robert C.",Peter Lang Pub Inc,20120110,144110,9781433104596
76,Teaching and Learning Second Language Listening (Metacognition in Action),"Goh, Christine C. M.",Routledge,20111217,87920,9780415883726
77,Handbook of Language and Literacy: Development and Disorders (Development and Disorders),C Addison Stone,Guilford Pubn,20131030,146120,9781462511853
78,Language And Region,"Beal, Joan C.",Routledge,20060401,100240,9780415366007
79,Adult Neurogenic Language Disorders : Assessment and Treatment : A Comprehensive Ethnobiological App 반양장,"Payne, Joan C.",Singular,19970401,0,9781565937291
80,Approaches To Studying World-situated Language Use 반양장,"TRUESWELL, JOHN C. (EDT)/ Tanenhaus, Michael K. (E",MIT,20041201,0,9780262701044
81,"Evaluation of Cross-Language Information Retrieval Systems: Second Workshop of the Cross-Language Evaluation Forum, Clef 2001, Darmstadt, Germany, Sep","Peters, C. (Edt)/ Brschler, M. (Edt)/ Gonzalo, J.",Springer,20020917,243460,9783540440420
82,Globalization and Language Vitality : Perspectives from Africa 반양장 (Perspectives from Black Africa),"Vigouroux, C?ile",Continuum,20090105,326250,9780826495143
83,A History of the English Language,"Baugh, Albert C.",Longman Publishing Group,20121213,314120,9780205229390
84,Toward Second Language Acquisition: A Study of Null-Prep (A Study of Null-Prep),"Klein, E. C.",Springer,20120925,214200,9789401049023
85,Language As a Complex Adaptive System,"Ellis, Nick C./ Larsen-Freeman, Diane",Blackwell Pub,20100531,71250,9781444334005
86,Corpus-Based Approaches to English Language Teaching,"Campoy, M. C.",CONTINUUM,20120329,68900,9781441151988
87,"Clitics in the Languages of Europe (Empirical Approaches to Language Typology, 20-5) 반양장","Riemsdijk, Henk C. Van (Edt)",Walter de Gruyter,19990701,587250,9783110157512
88,A Student’s Guide to the MELAB: (Michigan English Language Assessment Battery) [With CD],"Spaan, Mary C.",Univ of Michigan Pr,20080904,49780,9780472032969
89,Language And Literacy Learning In Schools 반양장,"Silliman, Elaine R. (EDT)/ Wilkinson, Louise C. (E",Guilford,20041018,0,9781593850654
90,The English Language (A Historical Introduction),"Barber, Charles/ Beal, Joan C./ Shaw, Philip A.",Cambridge,20090427,154960,9780521854047
91,Teacher Learning in Language Teaching(Cambridge Language Teaching Library) 반양장,"Freeman, Donald (Edt)/ Richards, Jack C. (Edt)",Cambridge,19960301,54000,9780521559072
92,"From Lucy to Language: Revised, Updated, and Expanded","Johanson, Donald C./ Edgar, Blake/ Brill, David L.",Simon & Schuster,20061001,96600,9780743280648
93,Using Corpora in the Language Classroom (Paperback),"Reppen, Randi/Richards, Jack C./",Cambridge University Press,20100331,31000,9780521146081
94,Globalization and Language Vitality : Perspectives from Africa 반양장 (Perspectives from Black Africa),"Vigouroux, C?ile",Continuum,20090105,99420,9780826495150
95,Introduction to 80x86 Assembly Language and Computer Architecture,"Detmer, Richard C.",Jones & Bartlett Publishers,20090226,468520,9780763772239
96,The Oxford Handbook of Philosophy of Language,"Lepore, Ernest (EDT)/ Smith, Barry C. (EDT)",Oxford Univ Pr,20061123,285460,9780199259410
97,The Cambridge Guide to Pedagogy and Practice in Second Language Teaching,"Burns, Anne^Richards, Jack C.",Cambridge Univ Pr,20120131,292010,9781107015869
98,The American Sign Language Puzzle Book: The Fun Way to Learn to Sign,"Segal, Justin/ Miller, Betty C. (ILT)/ Fant, Lou (",McGraw-Hill Companies,20030401,26740,9780071413541
99,Routes to Language 반양장 (Studies in Honor of Melissa Bowerman),"Gathercole, Virginia C. Mueller (EDT)",Routledge,20090220,118120,9781841697161
0,Handbook of Second Language Acquisition 반양장,"Ritchie, William C. (Edt)/ Bha",Academic,19960401,0,9780125890427
1,"Preparing Quality Educators for English Language Learners: Research, Policy, and Practice (Research, Policies And Practices)","Tellez, Kip (EDT)/ Waxman, Hersholt C. (EDT)",Lawrence Erlbaum Associates,20050901,261000,9780805854374
2,Child Language 반양장 (Acquisition And Growth),"Lust, Barbara C.",Cambridge,20061031,259990,9780521444781
3,"Reinventing Identities : The Gendered Self in Discourse (Language and Gender Studies (Paper), No 1) 반양장 (The Gendered Self in Discourse)","Bucholtz, Mary (Edt)/ Liang, A. C. (Edt)/ Sutton,",Oxford University Press,19990902,142000,9780195126303
4,The Logical Problem of Language Acquisition,"Baker, C. L.^McCarthy, John J.",Mit Pr,19811109,77480,9780262523899
5,The Lion’s Share - English Animal Idioms (Vietnamese-English): Ph?n ?n C?a S? T?,,"Language Lizard, LLC",20200903,29180,9781951787561
6,With Flying Colors - English Color Idioms (Vietnamese-English): S?c Mau Tung Bay,,"Language Lizard, LLC",20200903,29180,9781951787622
7,Music Language & Fundamentals 반양장,"Gretz,R.",William C Browm,19931001,0,9780697124975
8,UNE TERRE PROMISE TRADUCTION CONJOINTE C (A Microhistory of the Holocaust),,LANGUAGE BOOKS LTD,19000101,74840,9782213706122
9,"Genuine Edition. Sheridan Improved. A General Pronouncing and Explanatory Dictionary of the English Language (For the use of Schools, Foreigners Learning English, &c. ... The Second Edition, Revised, ... by Stephen Jones,)",,"Gale ECCO, Print Editions",20180422,60170,9781385108710
10,SystemC-A (Analogue and Mixed-Signal Language),,KS OmniScriptum Publishing,20091015,203170,9783639203868
11,[4판]Let’s Go 5 : Student Book with CD (Language Level: Beginning to High Intermediate; Interest Level: Grades K-6; Approximate Reading Level: K-4),R. Nakata^K. Frazier^B. Hoskins^C. Graham,Oxford University Press,20120630,8100,9780194626224
12,[4판]Let’s Go 6 : Student Book with CD (Language Level: Beginning to High Intermediate; Interest Level: Grades K-6; Approximate Reading Level: K-4),R. Nakata^K. Frazier^B. Hoskins^C. Graham,Oxford University Press,20120630,8200,9780194626231
13,Navigating English Grammar (A Guide to Analyzing Real Language),"Lobeck, Anne C.",John Wiley & Sons Inc,20130812,134780,9781405159937
14,"The Multilingual Internet 반양장 (Language, Culture, and Communication Online)","Danet, Brenda (EDT)/ Herring, Susan C. (EDT)",Oxford University Press,20070604,38000,9780195304800
15,Guide to the SQL Standard 반양장 (A User’s Guide to the Standard Database Language SQL),"Date, C. J./ Darwen, Hugh/ Date, C. J.  Guide to t",Addison-Wesley,19970401,78210,9780201964264
16,Vaccines Explained (Vietnamese-English) (Gi?i thich v? V?c xin),,"Language Lizard, LLC",20210413,29180,9781636850740
17,Faux Pas? (A no-nonsense guide to foreign words and phrases in everyday language.),Philip Gooden,A & C Black,20150414,25040,9780713685237
18,"Essays on Physiognomy (For the Promotion of the Knowledge and the Love of Mankind Written in the German Language by J C Lavater, and Translated Into English by Thomas Holcroft Illustrated by Three Hundred and Sixty Engravin)",,"Gale ECCO, Print Editions",20180425,58450,9781385754887
19,"Essays on Physiognomy (For the Promotion of the Knowledge and the Love of Mankind Written in the German Language by J C Lavater, and Translated Into English by Thomas Holcroft Illustrated by Three Hundred and Sixty Engravin)",,"Gale ECCO, Print Editions",20180425,65340,9781385754900
20,"Glossographia Anglicana Nova (Or, a Dictionary, Interpreting Such Hard Words of Whatever Language, as are at Present Used in the English Tongue, With Their Etymologies, Definitions, &c.)",,"Gale ECCO, Print Editions",20180420,67060,9781379980988
21,"The Triumph of Wit (Or, the Canting Dictionary. Being the Newest and Most Useful Academy: ... Illustrated With Poems, Songs, and Various Intrigues in the Canting Language, With the Explanation, &c)",,"Gale ECCO, Print Editions",20180420,42950,9781379952480
